category,item_name,price,desc,dietary_slugs,rating_value,rating_total_rating_text,tag_slugs,service_slugs,id,min_price,max_price,default_price,display_price,variant_id,parent_menu_id,always_show_on_checkout,is_bogo_active,order,auto_add,auto_add_quantity,show_image,visible,state,rating,free_dish_quantity,type,added_bottom_text_field,not_added_bottom_text_field,disabled_text,secondary_tag_slugs,entity_type,primary_tag_slug,food_legends,search_alias,metadata,added_bottom_text,not_added_bottom_text,not_added_bottom_text_color,remove_popup_text,auto_add_toast_message,auto_already_added_toast_message,remove_popup_title,tag_ids,tag_image,hide_in_meals_menu
Accompaniments,Mayonnaise,15,,veg,,,veg,delivery-enabled,ctl_562856657,15,15,15,15,v_767367035,ctg_38755785,0,False,2,0,0,False,False,available,,0,dish,,,,services,catalogue,,,Accompaniments,"{""v"":767367035,""s_ctg"":56660891,""cmb_sel"":0,""cmb"":0,""ff"":false,""ctl_n"":""mayonnaise""}",,,,,,,,1,https://b.zmtcdn.com/data/o2_assets/958e4cb4a8b255659daae2c430f976ea1608028693.png,1
Accompaniments,Slice Cheese,20,,veg,,,veg,delivery-enabled,ctl_562856991,20,20,20,20,v_767367369,ctg_38755785,0,False,1,0,0,False,False,available,,0,dish,,,,services,catalogue,,,Accompaniments,"{""v"":767367369,""s_ctg"":56660891,""cmb_sel"":0,""cmb"":0,""ff"":false,""ctl_n"":""slice-cheese""}",,,,,,,,1,https://b.zmtcdn.com/data/o2_assets/958e4cb4a8b255659daae2c430f976ea1608028693.png,1
Accompaniments,Egg,20,,egg,,,egg,delivery-enabled,ctl_562856816,20,20,20,20,v_767367194,ctg_38755785,0,False,4,0,0,False,False,available,,0,dish,,,,services,catalogue,,,Accompaniments,"{""v"":767367194,""s_ctg"":56660891,""cmb_sel"":0,""cmb"":0,""ff"":false,""ctl_n"":""egg""}",,,,,,,,24,https://b.zmtcdn.com/data/o2_assets/5d4de18a3d402878965275e9f24656951635253564.png,1
Accompaniments,Jalapeno Cheese,30,,veg,,,veg,delivery-enabled,ctl_562856885,30,30,30,30,v_767367263,ctg_38755785,0,False,3,0,0,False,False,available,,0,dish,,,,services,catalogue,,,Accompaniments,"{""v"":767367263,""s_ctg"":56660891,""cmb_sel"":0,""cmb"":0,""ff"":false,""ctl_n"":""jalapeno-cheese""}",,,,,,,,1,https://b.zmtcdn.com/data/o2_assets/958e4cb4a8b255659daae2c430f976ea1608028693.png,1
Burgers and Sandwiches,Chilli Cheese Sandwich,90,,veg,,,veg,delivery-enabled,ctl_562856828,90,90,90,90,v_767367206,ctg_38755781,0,False,1,0,0,False,False,available,,0,dish,,,,services,catalogue,,,Burgers and Sandwiches,"{""v"":767367206,""s_ctg"":56660887,""cmb_sel"":0,""cmb"":0,""ff"":false,""ctl_n"":""chilli-cheese-sandwich""}",,,,,,,,1,https://b.zmtcdn.com/data/o2_assets/958e4cb4a8b255659daae2c430f976ea1608028693.png,1
Burgers and Sandwiches,Mixed Fruit Sandwich,90,,veg,,,veg,delivery-enabled,ctl_562856789,90,90,90,90,v_767367167,ctg_38755781,0,False,2,0,0,False,False,available,,0,dish,,,,services,catalogue,,,Burgers and Sandwiches,"{""v"":767367167,""s_ctg"":56660887,""cmb_sel"":0,""cmb"":0,""ff"":false,""ctl_n"":""mixed-fruit-sandwich""}",,,,,,,,1,https://b.zmtcdn.com/data/o2_assets/958e4cb4a8b255659daae2c430f976ea1608028693.png,1
Burgers and Sandwiches,Mushroom Cheese Sandwich,100,,veg,,,veg,delivery-enabled,ctl_562856649,100,100,100,100,v_767367027,ctg_38755781,0,False,3,0,0,False,False,available,,0,dish,,,,services,catalogue,,,Burgers and Sandwiches,"{""v"":767367027,""s_ctg"":56660887,""cmb_sel"":0,""cmb"":0,""ff"":false,""ctl_n"":""mushroom-cheese-sandwich""}",,,,,,,,1,https://b.zmtcdn.com/data/o2_assets/958e4cb4a8b255659daae2c430f976ea1608028693.png,1
Burgers and Sandwiches,Aloo Burger,100,,veg,,,veg,delivery-enabled,ctl_562856908,100,100,100,100,v_767367286,ctg_38755781,0,False,1,0,0,False,False,available,,0,dish,,,,services,catalogue,,,Burgers and Sandwiches,"{""v"":767367286,""s_ctg"":56660886,""cmb_sel"":0,""cmb"":0,""ff"":false,""ctl_n"":""aloo-burger""}",,,,,,,,1,https://b.zmtcdn.com/data/o2_assets/958e4cb4a8b255659daae2c430f976ea1608028693.png,1
Burgers and Sandwiches,Corn Cheese Sandwich,110,,veg,,,veg,delivery-enabled,ctl_562856925,110,110,110,110,v_767367303,ctg_38755781,0,False,6,0,0,False,False,available,,0,dish,,,,services,catalogue,,,Burgers and Sandwiches,"{""v"":767367303,""s_ctg"":56660887,""cmb_sel"":0,""cmb"":0,""ff"":false,""ctl_n"":""corn-cheese-sandwich""}",,,,,,,,1,https://b.zmtcdn.com/data/o2_assets/958e4cb4a8b255659daae2c430f976ea1608028693.png,1
Burgers and Sandwiches,Jalapeno Cheese Sandwich,110,,veg,,,veg,delivery-enabled,ctl_562856768,110,110,110,110,v_767367146,ctg_38755781,0,False,7,0,0,False,False,available,,0,dish,,,,services,catalogue,,,Burgers and Sandwiches,"{""v"":767367146,""s_ctg"":56660887,""cmb_sel"":0,""cmb"":0,""ff"":false,""ctl_n"":""jalapeno-cheese-sandwich""}",,,,,,,,1,https://b.zmtcdn.com/data/o2_assets/958e4cb4a8b255659daae2c430f976ea1608028693.png,1
Burgers and Sandwiches,Veg Mixed Burger,110,,veg,,,veg,delivery-enabled,ctl_562856967,110,110,110,110,v_767367345,ctg_38755781,0,False,2,0,0,False,False,available,,0,dish,,,,services,catalogue,,,Burgers and Sandwiches,"{""v"":767367345,""s_ctg"":56660886,""cmb_sel"":0,""cmb"":0,""ff"":false,""ctl_n"":""veg-mixed-burger""}",,,,,,,,1,https://b.zmtcdn.com/data/o2_assets/958e4cb4a8b255659daae2c430f976ea1608028693.png,1
Burgers and Sandwiches,Veg Chilli Burger,110,,veg,,,veg,delivery-enabled,ctl_562856880,110,110,110,110,v_767367258,ctg_38755781,0,False,3,0,0,False,False,available,,0,dish,,,,services,catalogue,,,Burgers and Sandwiches,"{""v"":767367258,""s_ctg"":56660886,""cmb_sel"":0,""cmb"":0,""ff"":false,""ctl_n"":""veg-chilli-burger""}",,,,,,,,1,https://b.zmtcdn.com/data/o2_assets/958e4cb4a8b255659daae2c430f976ea1608028693.png,1
Burgers and Sandwiches,Paneer Capsicum Sandwich,130,,veg,,,veg,delivery-enabled,ctl_562856680,130,130,130,130,v_767367058,ctg_38755781,0,False,5,0,0,False,False,available,,0,dish,,,,services,catalogue,,,Burgers and Sandwiches,"{""v"":767367058,""s_ctg"":56660887,""cmb_sel"":0,""cmb"":0,""ff"":false,""ctl_n"":""paneer-capsicum-sandwich""}",,,,,,,,1,https://b.zmtcdn.com/data/o2_assets/958e4cb4a8b255659daae2c430f976ea1608028693.png,1
Burgers and Sandwiches,Chicken Chilli Sandwich,130,,non-veg,,,non-veg,delivery-enabled,ctl_562856977,130,130,130,130,v_767367355,ctg_38755781,0,False,9,0,0,False,False,available,,0,dish,,,,services,catalogue,,,Burgers and Sandwiches,"{""v"":767367355,""s_ctg"":56660887,""cmb_sel"":0,""cmb"":0,""ff"":false,""ctl_n"":""chicken-chilli-sandwich""}",,,,,,,,2,https://b.zmtcdn.com/data/o2_assets/5d4de18a3d402878965275e9f24656951635253564.png,1
Burgers and Sandwiches,Roasted Chicken Sandwich,130,,non-veg,,,non-veg,delivery-enabled,ctl_562856689,130,130,130,130,v_767367067,ctg_38755781,0,False,10,0,0,False,False,available,,0,dish,,,,services,catalogue,,,Burgers and Sandwiches,"{""v"":767367067,""s_ctg"":56660887,""cmb_sel"":0,""cmb"":0,""ff"":false,""ctl_n"":""roasted-chicken-sandwich""}",,,,,,,,2,https://b.zmtcdn.com/data/o2_assets/5d4de18a3d402878965275e9f24656951635253564.png,1
Burgers and Sandwiches,Grilled Chicken Sandwich,130,,non-veg,,,non-veg,delivery-enabled,ctl_562856786,130,130,130,130,v_767367164,ctg_38755781,0,False,11,0,0,False,False,available,,0,dish,,,,services,catalogue,,,Burgers and Sandwiches,"{""v"":767367164,""s_ctg"":56660887,""cmb_sel"":0,""cmb"":0,""ff"":false,""ctl_n"":""grilled-chicken-sandwich""}",,,,,,,,2,https://b.zmtcdn.com/data/o2_assets/5d4de18a3d402878965275e9f24656951635253564.png,1
Burgers and Sandwiches,Chicken Tikka Burger,140,,non-veg,,,non-veg,delivery-enabled,ctl_562856723,140,140,140,140,v_767367101,ctg_38755781,0,False,9,0,0,False,False,available,,0,dish,,,,services,catalogue,,,Burgers and Sandwiches,"{""v"":767367101,""s_ctg"":56660886,""cmb_sel"":0,""cmb"":0,""ff"":false,""ctl_n"":""chicken-tikka-burger""}",,,,,,,,2,https://b.zmtcdn.com/data/o2_assets/5d4de18a3d402878965275e9f24656951635253564.png,1
Burgers and Sandwiches,Chicken Tandoori Burger,140,,non-veg,,,non-veg,delivery-enabled,ctl_562856864,140,140,140,140,v_767367242,ctg_38755781,0,False,10,0,0,False,False,available,,0,dish,,,,services,catalogue,,,Burgers and Sandwiches,"{""v"":767367242,""s_ctg"":56660886,""cmb_sel"":0,""cmb"":0,""ff"":false,""ctl_n"":""chicken-tandoori-burger""}",,,,,,,,2,https://b.zmtcdn.com/data/o2_assets/5d4de18a3d402878965275e9f24656951635253564.png,1
Burgers and Sandwiches,Sauted Chicken Burger,140,,non-veg,,,non-veg,delivery-enabled,ctl_562856655,140,140,140,140,v_767367033,ctg_38755781,0,False,11,0,0,False,False,available,,0,dish,,,,services,catalogue,,,Burgers and Sandwiches,"{""v"":767367033,""s_ctg"":56660886,""cmb_sel"":0,""cmb"":0,""ff"":false,""ctl_n"":""sauted-chicken-burger""}",,,,,,,,2,https://b.zmtcdn.com/data/o2_assets/5d4de18a3d402878965275e9f24656951635253564.png,1
Burgers and Sandwiches,Paneer Tikka Sandwich,150,,veg,,,veg,delivery-enabled,ctl_562856997,150,150,150,150,v_767367375,ctg_38755781,0,False,4,0,0,False,False,available,,0,dish,,,,services,catalogue,,,Burgers and Sandwiches,"{""v"":767367375,""s_ctg"":56660887,""cmb_sel"":0,""cmb"":0,""ff"":false,""ctl_n"":""paneer-tikka-sandwich""}",,,,,,,,1,https://b.zmtcdn.com/data/o2_assets/958e4cb4a8b255659daae2c430f976ea1608028693.png,1
Burgers and Sandwiches,Club Sandwich Sandwich,150,,veg,,,veg,delivery-enabled,ctl_562856820,150,150,150,150,v_767367198,ctg_38755781,0,False,8,0,0,False,False,available,,0,dish,,,,services,catalogue,,,Burgers and Sandwiches,"{""v"":767367198,""s_ctg"":56660887,""cmb_sel"":0,""cmb"":0,""ff"":false,""ctl_n"":""club-sandwich-sandwich""}",,,,,,,,1,https://b.zmtcdn.com/data/o2_assets/958e4cb4a8b255659daae2c430f976ea1608028693.png,1
Burgers and Sandwiches,Non Veg Club Sandwich,150,,non-veg,,,non-veg,delivery-enabled,ctl_562856865,150,150,150,150,v_767367243,ctg_38755781,0,False,12,0,0,False,False,available,,0,dish,,,,services,catalogue,,,Burgers and Sandwiches,"{""v"":767367243,""s_ctg"":56660887,""cmb_sel"":0,""cmb"":0,""ff"":false,""ctl_n"":""non-veg-club-sandwich""}",,,,,,,,2,https://b.zmtcdn.com/data/o2_assets/5d4de18a3d402878965275e9f24656951635253564.png,1
Burgers and Sandwiches,Non Veg Bbq Grilled Sandwich,150,,non-veg,,,non-veg,delivery-enabled,ctl_562856918,150,150,150,150,v_767367296,ctg_38755781,0,False,13,0,0,False,False,available,,0,dish,,,,services,catalogue,,,Burgers and Sandwiches,"{""v"":767367296,""s_ctg"":56660887,""cmb_sel"":0,""cmb"":0,""ff"":false,""ctl_n"":""non-veg-bbq-grilled-sandwich""}",,,,,,,,2,https://b.zmtcdn.com/data/o2_assets/5d4de18a3d402878965275e9f24656951635253564.png,1
Burgers and Sandwiches,Pan Fried Paneer Burger,150,,veg,,,veg,delivery-enabled,ctl_562856688,150,150,150,150,v_767367066,ctg_38755781,0,False,4,0,0,False,False,available,,0,dish,,,,services,catalogue,,,Burgers and Sandwiches,"{""v"":767367066,""s_ctg"":56660886,""cmb_sel"":0,""cmb"":0,""ff"":false,""ctl_n"":""pan-fried-paneer-burger""}",,,,,,,,1,https://b.zmtcdn.com/data/o2_assets/958e4cb4a8b255659daae2c430f976ea1608028693.png,1
Burgers and Sandwiches,Chicken American Burger,150,,non-veg,,,non-veg,delivery-enabled,ctl_562856892,150,150,150,150,v_767367270,ctg_38755781,0,False,13,0,0,False,False,available,,0,dish,,,,services,catalogue,,,Burgers and Sandwiches,"{""v"":767367270,""s_ctg"":56660886,""cmb_sel"":0,""cmb"":0,""ff"":false,""ctl_n"":""chicken-american-burger""}",,,,,,,,2,https://b.zmtcdn.com/data/o2_assets/5d4de18a3d402878965275e9f24656951635253564.png,1
Burgers and Sandwiches,Grilled Chicken Burger,150,,non-veg,,,non-veg,delivery-enabled,ctl_562856909,150,150,150,150,v_767367287,ctg_38755781,0,False,18,0,0,False,False,available,,0,dish,,,,services,catalogue,,,Burgers and Sandwiches,"{""v"":767367287,""s_ctg"":56660886,""cmb_sel"":0,""cmb"":0,""ff"":false,""ctl_n"":""grilled-chicken-burger""}",,,,,,,,2,https://b.zmtcdn.com/data/o2_assets/5d4de18a3d402878965275e9f24656951635253564.png,1
Burgers and Sandwiches,Bbq Grilled Chicken Burger,150,,non-veg,,,non-veg,delivery-enabled,ctl_562856736,150,150,150,150,v_767367114,ctg_38755781,0,False,19,0,0,False,False,available,,0,dish,,,,services,catalogue,,,Burgers and Sandwiches,"{""v"":767367114,""s_ctg"":56660886,""cmb_sel"":0,""cmb"":0,""ff"":false,""ctl_n"":""bbq-grilled-chicken-burger""}",,,,,,,,2,https://b.zmtcdn.com/data/o2_assets/5d4de18a3d402878965275e9f24656951635253564.png,1
Burgers and Sandwiches,Texas Burger Non Veg Burger,160,,non-veg,,,non-veg,delivery-enabled,ctl_562856624,160,160,160,160,v_767367002,ctg_38755781,0,False,14,0,0,False,False,available,,0,dish,,,,services,catalogue,,,Burgers and Sandwiches,"{""v"":767367002,""s_ctg"":56660886,""cmb_sel"":0,""cmb"":0,""ff"":false,""ctl_n"":""texas-burger-non-veg-burger""}",,,,,,,,2,https://b.zmtcdn.com/data/o2_assets/5d4de18a3d402878965275e9f24656951635253564.png,1
Burgers and Sandwiches,Chicken Cheese Burger Burger,160,,non-veg,,,non-veg,delivery-enabled,ctl_562856819,160,160,160,160,v_767367197,ctg_38755781,0,False,15,0,0,False,False,available,,0,dish,,,,services,catalogue,,,Burgers and Sandwiches,"{""v"":767367197,""s_ctg"":56660886,""cmb_sel"":0,""cmb"":0,""ff"":false,""ctl_n"":""chicken-cheese-burger-burger""}",,,,,,,,2,https://b.zmtcdn.com/data/o2_assets/5d4de18a3d402878965275e9f24656951635253564.png,1
Burgers and Sandwiches,Veg Double Decker Burger,165,,veg,,,veg,delivery-enabled,ctl_562856899,165,165,165,165,v_767367277,ctg_38755781,0,False,5,0,0,False,False,available,,0,dish,,,,services,catalogue,,,Burgers and Sandwiches,"{""v"":767367277,""s_ctg"":56660886,""cmb_sel"":0,""cmb"":0,""ff"":false,""ctl_n"":""veg-double-decker-burger""}",,,,,,,,1,https://b.zmtcdn.com/data/o2_assets/958e4cb4a8b255659daae2c430f976ea1608028693.png,1
Burgers and Sandwiches,Juicy Lucy Chicken Burger,170,,non-veg,,,non-veg,delivery-enabled,ctl_562856960,170,170,170,170,v_767367338,ctg_38755781,0,False,12,0,0,False,False,available,,0,dish,,,,services,catalogue,,,Burgers and Sandwiches,"{""v"":767367338,""s_ctg"":56660886,""cmb_sel"":0,""cmb"":0,""ff"":false,""ctl_n"":""juicy-lucy-chicken-burger""}",,,,,,,,2,https://b.zmtcdn.com/data/o2_assets/5d4de18a3d402878965275e9f24656951635253564.png,1
Burgers and Sandwiches,Classic Crispy Chicken Burger Burger,170,,non-veg,,,non-veg,delivery-enabled,ctl_562856987,170,170,170,170,v_767367365,ctg_38755781,0,False,16,0,0,False,False,available,,0,dish,,,,services,catalogue,,,Burgers and Sandwiches,"{""v"":767367365,""s_ctg"":56660886,""cmb_sel"":0,""cmb"":0,""ff"":false,""ctl_n"":""classic-crispy-chicken-burger-burger""}",,,,,,,,2,https://b.zmtcdn.com/data/o2_assets/5d4de18a3d402878965275e9f24656951635253564.png,1
Burgers and Sandwiches,Non Veg Double Decker Burger,170,,non-veg,,,non-veg,delivery-enabled,ctl_562856708,170,170,170,170,v_767367086,ctg_38755781,0,False,17,0,0,False,False,available,,0,dish,,,,services,catalogue,,,Burgers and Sandwiches,"{""v"":767367086,""s_ctg"":56660886,""cmb_sel"":0,""cmb"":0,""ff"":false,""ctl_n"":""non-veg-double-decker-burger""}",,,,,,,,2,https://b.zmtcdn.com/data/o2_assets/5d4de18a3d402878965275e9f24656951635253564.png,1
Burgers and Sandwiches,Chefs Special Burger,180,,veg,,,veg,delivery-enabled,ctl_562856873,180,180,180,180,v_767367251,ctg_38755781,0,False,6,0,0,False,False,available,,0,dish,,,,services,catalogue,,,Burgers and Sandwiches,"{""v"":767367251,""s_ctg"":56660886,""cmb_sel"":0,""cmb"":0,""ff"":false,""ctl_n"":""chefs-special-burger""}",,,,,,,,1,https://b.zmtcdn.com/data/o2_assets/958e4cb4a8b255659daae2c430f976ea1608028693.png,1
Burgers and Sandwiches,Chicken Zinger Burger,180,,non-veg,,,non-veg,delivery-enabled,ctl_562856618,180,180,180,180,v_767366996,ctg_38755781,0,False,8,0,0,False,False,available,,0,dish,,,,services,catalogue,,,Burgers and Sandwiches,"{""v"":767366996,""s_ctg"":56660886,""cmb_sel"":0,""cmb"":0,""ff"":false,""ctl_n"":""chicken-zinger-burger""}",,,,,,,,2,https://b.zmtcdn.com/data/o2_assets/5d4de18a3d402878965275e9f24656951635253564.png,1
Burgers and Sandwiches,Veg Graveyard Burger,210,,veg,,,veg,delivery-enabled,ctl_562856911,210,210,210,210,v_767367289,ctg_38755781,0,False,7,0,0,False,False,available,,0,dish,,,,services,catalogue,,,Burgers and Sandwiches,"{""v"":767367289,""s_ctg"":56660886,""cmb_sel"":0,""cmb"":0,""ff"":false,""ctl_n"":""veg-graveyard-burger""}",,,,,,,,1,https://b.zmtcdn.com/data/o2_assets/958e4cb4a8b255659daae2c430f976ea1608028693.png,1
Burgers and Sandwiches,Non Veg Graveyard Burger,230,,non-veg,,,non-veg,delivery-enabled,ctl_562856744,230,230,230,230,v_767367122,ctg_38755781,0,False,20,0,0,False,False,available,,0,dish,,,,services,catalogue,,,Burgers and Sandwiches,"{""v"":767367122,""s_ctg"":56660886,""cmb_sel"":0,""cmb"":0,""ff"":false,""ctl_n"":""non-veg-graveyard-burger""}",,,,,,,,2,https://b.zmtcdn.com/data/o2_assets/5d4de18a3d402878965275e9f24656951635253564.png,1
Combos,Aloo Burger Combo,158,Aloo Burger+Mint Lime Soda,veg,,,veg,delivery-enabled,ctl_562856907,158,158,158,158,v_767367285,ctg_38755775,0,False,1,0,0,False,False,available,,0,dish,,,,combo-item,catalogue,,,Combos,"{""v"":767367285,""s_ctg"":56660877,""cmb_sel"":0,""cmb"":0,""ff"":false,""ctl_n"":""aloo-burger-combo""}",,,,,,,,"1,389",https://b.zmtcdn.com/data/o2_assets/958e4cb4a8b255659daae2c430f976ea1608028693.png,1
Combos,Chilli Cheese Sandwich Combo,158,Chilli Cheese Sandwich+Masala Lime Soda,veg,,,veg,delivery-enabled,ctl_562856863,158,158,158,158,v_767367241,ctg_38755775,0,False,3,0,0,False,False,available,,0,dish,,,,combo-item,catalogue,,,Combos,"{""v"":767367241,""s_ctg"":56660877,""cmb_sel"":0,""cmb"":0,""ff"":false,""ctl_n"":""chilli-cheese-sandwich-combo""}",,,,,,,,"1,389",https://b.zmtcdn.com/data/o2_assets/958e4cb4a8b255659daae2c430f976ea1608028693.png,1
Combos,Mushroom Cheese Sandwich Combo,200,Mushroom Cheese Sandwich+Berry Ice Tea,veg,,,veg,delivery-enabled,ctl_562856791,200,200,200,200,v_767367169,ctg_38755775,0,False,4,0,0,False,False,available,,0,dish,,,,combo-item,catalogue,,,Combos,"{""v"":767367169,""s_ctg"":56660877,""cmb_sel"":0,""cmb"":0,""ff"":false,""ctl_n"":""mushroom-cheese-sandwich-combo""}",,,,,,,,"1,389",https://b.zmtcdn.com/data/o2_assets/958e4cb4a8b255659daae2c430f976ea1608028693.png,1
Combos,Chicken Tandoori Burger Combo,200,Chicken Tandoori Burger+Blue Lime Soda,non-veg,,,non-veg,delivery-enabled,ctl_562856615,200,200,200,200,v_767366993,ctg_38755775,0,False,7,0,0,False,False,available,,0,dish,,,,combo-item,catalogue,,,Combos,"{""v"":767366993,""s_ctg"":56660877,""cmb_sel"":0,""cmb"":0,""ff"":false,""ctl_n"":""chicken-tandoori-burger-combo""}",,,,,,,,"2,389",https://b.zmtcdn.com/data/o2_assets/5d4de18a3d402878965275e9f24656951635253564.png,1
Combos,Chicken Chilli Sandwich Combo,208,Chicken Chilli Sandwich+Blue Lime Soda,non-veg,,,non-veg,delivery-enabled,ctl_562856765,208,208,208,208,v_767367143,ctg_38755775,0,False,10,0,0,False,False,available,,0,dish,,,,combo-item,catalogue,,,Combos,"{""v"":767367143,""s_ctg"":56660877,""cmb_sel"":0,""cmb"":0,""ff"":false,""ctl_n"":""chicken-chilli-sandwich-combo""}",,,,,,,,"2,389",https://b.zmtcdn.com/data/o2_assets/5d4de18a3d402878965275e9f24656951635253564.png,1
Combos,Chicken Tikki Burger Combo,210,Chicken Tikka Burger+Melon Ice Tea,non-veg,,,non-veg,delivery-enabled,ctl_562856674,210,210,210,210,v_767367052,ctg_38755775,0,False,8,0,0,False,False,available,,0,dish,,,,combo-item,catalogue,,,Combos,"{""v"":767367052,""s_ctg"":56660877,""cmb_sel"":0,""cmb"":0,""ff"":false,""ctl_n"":""chicken-tikki-burger-combo""}",,,,,,,,"2,389",https://b.zmtcdn.com/data/o2_assets/5d4de18a3d402878965275e9f24656951635253564.png,1
Combos,Paneer Burger Combo,233,Paneer Burger+Berry Ice Tea,veg,,,veg,delivery-enabled,ctl_562856660,233,233,233,233,v_767367038,ctg_38755775,0,False,2,0,0,False,False,available,,0,dish,,,,combo-item,catalogue,,,Combos,"{""v"":767367038,""s_ctg"":56660877,""cmb_sel"":0,""cmb"":0,""ff"":false,""ctl_n"":""paneer-burger-combo""}",,,,,,,,"1,389",https://b.zmtcdn.com/data/o2_assets/958e4cb4a8b255659daae2c430f976ea1608028693.png,1
Combos,Roasted Chicken Sandwich Combo,233,Roasted Chicken Sandwich+Melon Ice Tea,non-veg,,,non-veg,delivery-enabled,ctl_562856953,233,233,233,233,v_767367331,ctg_38755775,0,False,9,0,0,False,False,available,,0,dish,,,,combo-item,catalogue,,,Combos,"{""v"":767367331,""s_ctg"":56660877,""cmb_sel"":0,""cmb"":0,""ff"":false,""ctl_n"":""roasted-chicken-sandwich-combo""}",,,,,,,,"2,389",https://b.zmtcdn.com/data/o2_assets/5d4de18a3d402878965275e9f24656951635253564.png,1
Combos,Veg Fried Rice Combo,235,Veg Fried Rice+Veg Chilli+Lime Juice,veg,,,veg,delivery-enabled,ctl_562856749,235,235,235,235,v_767367127,ctg_38755775,0,False,5,0,0,False,False,available,,0,dish,,,,combo-item,catalogue,,,Combos,"{""v"":767367127,""s_ctg"":56660877,""cmb_sel"":0,""cmb"":0,""ff"":false,""ctl_n"":""veg-fried-rice-combo""}",,,,,,,,"1,389",https://b.zmtcdn.com/data/o2_assets/958e4cb4a8b255659daae2c430f976ea1608028693.png,1
Combos,Veg Noodles Combo,235,Veg Noodles+Mushroom Chilli+Lime Juice,veg,,,veg,delivery-enabled,ctl_562856691,235,235,235,235,v_767367069,ctg_38755775,0,False,6,0,0,False,False,available,,0,dish,,,,combo-item,catalogue,,,Combos,"{""v"":767367069,""s_ctg"":56660877,""cmb_sel"":0,""cmb"":0,""ff"":false,""ctl_n"":""veg-noodles-combo""}",,,,,,,,"1,389",https://b.zmtcdn.com/data/o2_assets/958e4cb4a8b255659daae2c430f976ea1608028693.png,1
Combos,Chicken Fried Rice Combo,290,Chicken Frice+Chilli Chicken+Lime Juice,non-veg,,,non-veg,delivery-enabled,ctl_562856661,290,290,290,290,v_767367039,ctg_38755775,0,False,11,0,0,False,False,available,,0,dish,,,,combo-item,catalogue,,,Combos,"{""v"":767367039,""s_ctg"":56660877,""cmb_sel"":0,""cmb"":0,""ff"":false,""ctl_n"":""chicken-fried-rice-combo""}",,,,,,,,"2,389",https://b.zmtcdn.com/data/o2_assets/5d4de18a3d402878965275e9f24656951635253564.png,1
Combos,Chicken Noodles Combo,290,Chicken Noodles+Chicken Manchurian+Lime Juice,non-veg,,,non-veg,delivery-enabled,ctl_562856662,290,290,290,290,v_767367040,ctg_38755775,0,False,12,0,0,False,False,available,,0,dish,,,,combo-item,catalogue,,,Combos,"{""v"":767367040,""s_ctg"":56660877,""cmb_sel"":0,""cmb"":0,""ff"":false,""ctl_n"":""chicken-noodles-combo""}",,,,,,,,"2,389",https://b.zmtcdn.com/data/o2_assets/5d4de18a3d402878965275e9f24656951635253564.png,1
Fried Rice and Noodles,Mushroom Fried Rice,150,,veg,,,veg,delivery-enabled,ctl_562856824,150,150,150,150,v_767367202,ctg_38755779,0,False,2,0,0,False,False,available,,0,dish,,,,services,catalogue,,,Fried Rice and Noodles,"{""v"":767367202,""s_ctg"":56660882,""cmb_sel"":0,""cmb"":0,""ff"":false,""ctl_n"":""mushroom-fried-rice""}",,,,,,,,1,https://b.zmtcdn.com/data/o2_assets/958e4cb4a8b255659daae2c430f976ea1608028693.png,1
Fried Rice and Noodles,Capsicum Fried Rice,160,,veg,,,veg,delivery-enabled,ctl_562856860,160,160,160,160,v_767367238,ctg_38755779,0,False,1,0,0,False,False,available,,0,dish,,,,services,catalogue,,,Fried Rice and Noodles,"{""v"":767367238,""s_ctg"":56660882,""cmb_sel"":0,""cmb"":0,""ff"":false,""ctl_n"":""capsicum-fried-rice""}",,,,,,,,1,https://b.zmtcdn.com/data/o2_assets/958e4cb4a8b255659daae2c430f976ea1608028693.png,1
Fried Rice and Noodles,Veg Fried Rice,160,,veg,,,veg,delivery-enabled,ctl_562856769,160,160,160,160,v_767367147,ctg_38755779,0,False,4,0,0,False,False,available,,0,dish,,,,services,catalogue,,,Fried Rice and Noodles,"{""v"":767367147,""s_ctg"":56660882,""cmb_sel"":0,""cmb"":0,""ff"":false,""ctl_n"":""veg-fried-rice""}",,,,,,,,1,https://b.zmtcdn.com/data/o2_assets/958e4cb4a8b255659daae2c430f976ea1608028693.png,1
Fried Rice and Noodles,Veg Julien Fried Rice,160,,veg,,,veg,delivery-enabled,ctl_562856792,160,160,160,160,v_767367170,ctg_38755779,0,False,5,0,0,False,False,available,,0,dish,,,,services,catalogue,,,Fried Rice and Noodles,"{""v"":767367170,""s_ctg"":56660882,""cmb_sel"":0,""cmb"":0,""ff"":false,""ctl_n"":""veg-julien-fried-rice""}",,,,,,,,1,https://b.zmtcdn.com/data/o2_assets/958e4cb4a8b255659daae2c430f976ea1608028693.png,1
Fried Rice and Noodles,Veg Brown Garlic Fried Rice,160,,veg,,,veg,delivery-enabled,ctl_562856741,160,160,160,160,v_767367119,ctg_38755779,0,False,7,0,0,False,False,available,,0,dish,,,,services,catalogue,,,Fried Rice and Noodles,"{""v"":767367119,""s_ctg"":56660882,""cmb_sel"":0,""cmb"":0,""ff"":false,""ctl_n"":""veg-brown-garlic-fried-rice""}",,,,,,,,1,https://b.zmtcdn.com/data/o2_assets/958e4cb4a8b255659daae2c430f976ea1608028693.png,1
Fried Rice and Noodles,Veg Butter Garlic Fried Rice,160,,veg,,,veg,delivery-enabled,ctl_562856924,160,160,160,160,v_767367302,ctg_38755779,0,False,8,0,0,False,False,available,,0,dish,,,,services,catalogue,,,Fried Rice and Noodles,"{""v"":767367302,""s_ctg"":56660882,""cmb_sel"":0,""cmb"":0,""ff"":false,""ctl_n"":""veg-butter-garlic-fried-rice""}",,,,,,,,1,https://b.zmtcdn.com/data/o2_assets/958e4cb4a8b255659daae2c430f976ea1608028693.png,1
Fried Rice and Noodles,Capsicum Noodles,160,,veg,,,veg,delivery-enabled,ctl_562856654,160,160,160,160,v_767367032,ctg_38755779,0,False,1,0,0,False,False,available,,0,dish,,,,services,catalogue,,,Fried Rice and Noodles,"{""v"":767367032,""s_ctg"":56660883,""cmb_sel"":0,""cmb"":0,""ff"":false,""ctl_n"":""capsicum-noodles""}",,,,,,,,1,https://b.zmtcdn.com/data/o2_assets/958e4cb4a8b255659daae2c430f976ea1608028693.png,1
Fried Rice and Noodles,Mushroom Noodles,160,,veg,,,veg,delivery-enabled,ctl_562856626,160,160,160,160,v_767367004,ctg_38755779,0,False,2,0,0,False,False,available,,0,dish,,,,services,catalogue,,,Fried Rice and Noodles,"{""v"":767367004,""s_ctg"":56660883,""cmb_sel"":0,""cmb"":0,""ff"":false,""ctl_n"":""mushroom-noodles""}",,,,,,,,1,https://b.zmtcdn.com/data/o2_assets/958e4cb4a8b255659daae2c430f976ea1608028693.png,1
Fried Rice and Noodles,Paneer Noodles,160,,veg,,,veg,delivery-enabled,ctl_562856788,160,160,160,160,v_767367166,ctg_38755779,0,False,3,0,0,False,False,available,,0,dish,,,,services,catalogue,,,Fried Rice and Noodles,"{""v"":767367166,""s_ctg"":56660883,""cmb_sel"":0,""cmb"":0,""ff"":false,""ctl_n"":""paneer-noodles""}",,,,,,,,1,https://b.zmtcdn.com/data/o2_assets/958e4cb4a8b255659daae2c430f976ea1608028693.png,1
Fried Rice and Noodles,Veg Noodles,160,,veg,,,veg,delivery-enabled,ctl_562856696,160,160,160,160,v_767367074,ctg_38755779,0,False,4,0,0,False,False,available,,0,dish,,,,services,catalogue,,,Fried Rice and Noodles,"{""v"":767367074,""s_ctg"":56660883,""cmb_sel"":0,""cmb"":0,""ff"":false,""ctl_n"":""veg-noodles""}",,,,,,,,1,https://b.zmtcdn.com/data/o2_assets/958e4cb4a8b255659daae2c430f976ea1608028693.png,1
Fried Rice and Noodles,Veg Brown Garlic Noodles,160,,veg,,,veg,delivery-enabled,ctl_562856687,160,160,160,160,v_767367065,ctg_38755779,0,False,6,0,0,False,False,available,,0,dish,,,,services,catalogue,,,Fried Rice and Noodles,"{""v"":767367065,""s_ctg"":56660883,""cmb_sel"":0,""cmb"":0,""ff"":false,""ctl_n"":""veg-brown-garlic-noodles""}",,,,,,,,1,https://b.zmtcdn.com/data/o2_assets/958e4cb4a8b255659daae2c430f976ea1608028693.png,1
Fried Rice and Noodles,Veg Butter Garlic Noodles,160,,veg,,,veg,delivery-enabled,ctl_562856827,160,160,160,160,v_767367205,ctg_38755779,0,False,7,0,0,False,False,available,,0,dish,,,,services,catalogue,,,Fried Rice and Noodles,"{""v"":767367205,""s_ctg"":56660883,""cmb_sel"":0,""cmb"":0,""ff"":false,""ctl_n"":""veg-butter-garlic-noodles""}",,,,,,,,1,https://b.zmtcdn.com/data/o2_assets/958e4cb4a8b255659daae2c430f976ea1608028693.png,1
Fried Rice and Noodles,Veg Schezwan Fried Rice,170,,veg,,,veg,delivery-enabled,ctl_562856766,170,170,170,170,v_767367144,ctg_38755779,0,False,6,0,0,False,False,available,,0,dish,,,,services,catalogue,,,Fried Rice and Noodles,"{""v"":767367144,""s_ctg"":56660882,""cmb_sel"":0,""cmb"":0,""ff"":false,""ctl_n"":""veg-schezwan-fried-rice""}",,,,,,,,1,https://b.zmtcdn.com/data/o2_assets/958e4cb4a8b255659daae2c430f976ea1608028693.png,1
Fried Rice and Noodles,Veg Singapore Fried Rice,170,,veg,,,veg,delivery-enabled,ctl_562856959,170,170,170,170,v_767367337,ctg_38755779,0,False,9,0,0,False,False,available,,0,dish,,,,services,catalogue,,,Fried Rice and Noodles,"{""v"":767367337,""s_ctg"":56660882,""cmb_sel"":0,""cmb"":0,""ff"":false,""ctl_n"":""veg-singapore-fried-rice""}",,,,,,,,1,https://b.zmtcdn.com/data/o2_assets/958e4cb4a8b255659daae2c430f976ea1608028693.png,1
Fried Rice and Noodles,Veg Hong Kong Fried Rice,170,,veg,,,veg,delivery-enabled,ctl_562856693,170,170,170,170,v_767367071,ctg_38755779,0,False,10,0,0,False,False,available,,0,dish,,,,services,catalogue,,,Fried Rice and Noodles,"{""v"":767367071,""s_ctg"":56660882,""cmb_sel"":0,""cmb"":0,""ff"":false,""ctl_n"":""veg-hong-kong-fried-rice""}",,,,,,,,1,https://b.zmtcdn.com/data/o2_assets/958e4cb4a8b255659daae2c430f976ea1608028693.png,1
Fried Rice and Noodles,Egg Fried Rice,170,,egg,,,egg,delivery-enabled,ctl_562856809,170,170,170,170,v_767367187,ctg_38755779,0,False,11,0,0,False,False,available,,0,dish,,,,services,catalogue,,,Fried Rice and Noodles,"{""v"":767367187,""s_ctg"":56660882,""cmb_sel"":0,""cmb"":0,""ff"":false,""ctl_n"":""egg-fried-rice""}",,,,,,,,24,https://b.zmtcdn.com/data/o2_assets/5d4de18a3d402878965275e9f24656951635253564.png,1
Fried Rice and Noodles,Egg Julien Fried Rice,170,,egg,,,egg,delivery-enabled,ctl_562856937,170,170,170,170,v_767367315,ctg_38755779,0,False,12,0,0,False,False,available,,0,dish,,,,services,catalogue,,,Fried Rice and Noodles,"{""v"":767367315,""s_ctg"":56660882,""cmb_sel"":0,""cmb"":0,""ff"":false,""ctl_n"":""egg-julien-fried-rice""}",,,,,,,,24,https://b.zmtcdn.com/data/o2_assets/5d4de18a3d402878965275e9f24656951635253564.png,1
Fried Rice and Noodles,Egg Brown Garlic Fried Rice,170,,egg,,,egg,delivery-enabled,ctl_562856750,170,170,170,170,v_767367128,ctg_38755779,0,False,14,0,0,False,False,available,,0,dish,,,,services,catalogue,,,Fried Rice and Noodles,"{""v"":767367128,""s_ctg"":56660882,""cmb_sel"":0,""cmb"":0,""ff"":false,""ctl_n"":""egg-brown-garlic-fried-rice""}",,,,,,,,24,https://b.zmtcdn.com/data/o2_assets/5d4de18a3d402878965275e9f24656951635253564.png,1
Fried Rice and Noodles,Egg Butter Garlic Fried Rice,170,,egg,,,egg,delivery-enabled,ctl_562856742,170,170,170,170,v_767367120,ctg_38755779,0,False,15,0,0,False,False,available,,0,dish,,,,services,catalogue,,,Fried Rice and Noodles,"{""v"":767367120,""s_ctg"":56660882,""cmb_sel"":0,""cmb"":0,""ff"":false,""ctl_n"":""egg-butter-garlic-fried-rice""}",,,,,,,,24,https://b.zmtcdn.com/data/o2_assets/5d4de18a3d402878965275e9f24656951635253564.png,1
Fried Rice and Noodles,Veg Schezwan Noodles,170,,veg,,,veg,delivery-enabled,ctl_562856848,170,170,170,170,v_767367226,ctg_38755779,0,False,5,0,0,False,False,available,,0,dish,,,,services,catalogue,,,Fried Rice and Noodles,"{""v"":767367226,""s_ctg"":56660883,""cmb_sel"":0,""cmb"":0,""ff"":false,""ctl_n"":""veg-schezwan-noodles""}",,,,,,,,1,https://b.zmtcdn.com/data/o2_assets/958e4cb4a8b255659daae2c430f976ea1608028693.png,1
Fried Rice and Noodles,Veg Singapore Noodles,170,,veg,,,veg,delivery-enabled,ctl_562856754,170,170,170,170,v_767367132,ctg_38755779,0,False,8,0,0,False,False,available,,0,dish,,,,services,catalogue,,,Fried Rice and Noodles,"{""v"":767367132,""s_ctg"":56660883,""cmb_sel"":0,""cmb"":0,""ff"":false,""ctl_n"":""veg-singapore-noodles""}",,,,,,,,1,https://b.zmtcdn.com/data/o2_assets/958e4cb4a8b255659daae2c430f976ea1608028693.png,1
Fried Rice and Noodles,Veg Hong Kong Noodles,170,,veg,,,veg,delivery-enabled,ctl_562856861,170,170,170,170,v_767367239,ctg_38755779,0,False,9,0,0,False,False,available,,0,dish,,,,services,catalogue,,,Fried Rice and Noodles,"{""v"":767367239,""s_ctg"":56660883,""cmb_sel"":0,""cmb"":0,""ff"":false,""ctl_n"":""veg-hong-kong-noodles""}",,,,,,,,1,https://b.zmtcdn.com/data/o2_assets/958e4cb4a8b255659daae2c430f976ea1608028693.png,1
Fried Rice and Noodles,Veg Triple Schezwan Noodles,170,,veg,,,veg,delivery-enabled,ctl_562856755,170,170,170,170,v_767367133,ctg_38755779,0,False,10,0,0,False,False,available,,0,dish,,,,services,catalogue,,,Fried Rice and Noodles,"{""v"":767367133,""s_ctg"":56660883,""cmb_sel"":0,""cmb"":0,""ff"":false,""ctl_n"":""veg-triple-schezwan-noodles""}",,,,,,,,1,https://b.zmtcdn.com/data/o2_assets/958e4cb4a8b255659daae2c430f976ea1608028693.png,1
Fried Rice and Noodles,Egg Noodles,170,,egg,,,egg,delivery-enabled,ctl_562856826,170,170,170,170,v_767367204,ctg_38755779,0,False,11,0,0,False,False,available,,0,dish,,,,services,catalogue,,,Fried Rice and Noodles,"{""v"":767367204,""s_ctg"":56660883,""cmb_sel"":0,""cmb"":0,""ff"":false,""ctl_n"":""egg-noodles""}",,,,,,,,24,https://b.zmtcdn.com/data/o2_assets/5d4de18a3d402878965275e9f24656951635253564.png,1
Fried Rice and Noodles,Egg Brown Garlic Noodles,170,,egg,,,egg,delivery-enabled,ctl_562856727,170,170,170,170,v_767367105,ctg_38755779,0,False,13,0,0,False,False,available,,0,dish,,,,services,catalogue,,,Fried Rice and Noodles,"{""v"":767367105,""s_ctg"":56660883,""cmb_sel"":0,""cmb"":0,""ff"":false,""ctl_n"":""egg-brown-garlic-noodles""}",,,,,,,,24,https://b.zmtcdn.com/data/o2_assets/5d4de18a3d402878965275e9f24656951635253564.png,1
Fried Rice and Noodles,Egg Butter Garlic Noodles,170,,egg,,,egg,delivery-enabled,ctl_562856933,170,170,170,170,v_767367311,ctg_38755779,0,False,14,0,0,False,False,available,,0,dish,,,,services,catalogue,,,Fried Rice and Noodles,"{""v"":767367311,""s_ctg"":56660883,""cmb_sel"":0,""cmb"":0,""ff"":false,""ctl_n"":""egg-butter-garlic-noodles""}",,,,,,,,24,https://b.zmtcdn.com/data/o2_assets/5d4de18a3d402878965275e9f24656951635253564.png,1
Fried Rice and Noodles,Egg Schezwan Fried Rice,180,,egg,,,egg,delivery-enabled,ctl_562856970,180,180,180,180,v_767367348,ctg_38755779,0,False,13,0,0,False,False,available,,0,dish,,,,services,catalogue,,,Fried Rice and Noodles,"{""v"":767367348,""s_ctg"":56660882,""cmb_sel"":0,""cmb"":0,""ff"":false,""ctl_n"":""egg-schezwan-fried-rice""}",,,,,,,,24,https://b.zmtcdn.com/data/o2_assets/5d4de18a3d402878965275e9f24656951635253564.png,1
Fried Rice and Noodles,Egg Singapore Fried Rice,180,,egg,,,egg,delivery-enabled,ctl_562856938,180,180,180,180,v_767367316,ctg_38755779,0,False,16,0,0,False,False,available,,0,dish,,,,services,catalogue,,,Fried Rice and Noodles,"{""v"":767367316,""s_ctg"":56660882,""cmb_sel"":0,""cmb"":0,""ff"":false,""ctl_n"":""egg-singapore-fried-rice""}",,,,,,,,24,https://b.zmtcdn.com/data/o2_assets/5d4de18a3d402878965275e9f24656951635253564.png,1
Fried Rice and Noodles,Egg Hong Kong Fried Rice,180,,egg,,,egg,delivery-enabled,ctl_562856931,180,180,180,180,v_767367309,ctg_38755779,0,False,17,0,0,False,False,available,,0,dish,,,,services,catalogue,,,Fried Rice and Noodles,"{""v"":767367309,""s_ctg"":56660882,""cmb_sel"":0,""cmb"":0,""ff"":false,""ctl_n"":""egg-hong-kong-fried-rice""}",,,,,,,,24,https://b.zmtcdn.com/data/o2_assets/5d4de18a3d402878965275e9f24656951635253564.png,1
Fried Rice and Noodles,Non Veg Fried Rice,180,,non-veg,,,non-veg,delivery-enabled,ctl_562856825,180,180,180,180,v_767367203,ctg_38755779,0,False,18,0,0,False,False,available,,0,dish,,,,services,catalogue,,,Fried Rice and Noodles,"{""v"":767367203,""s_ctg"":56660882,""cmb_sel"":0,""cmb"":0,""ff"":false,""ctl_n"":""non-veg-fried-rice""}",,,,,,,,2,https://b.zmtcdn.com/data/o2_assets/5d4de18a3d402878965275e9f24656951635253564.png,1
Fried Rice and Noodles,Non Veg Julien Fried Rice,180,,non-veg,,,non-veg,delivery-enabled,ctl_562856715,180,180,180,180,v_767367093,ctg_38755779,0,False,19,0,0,False,False,available,,0,dish,,,,services,catalogue,,,Fried Rice and Noodles,"{""v"":767367093,""s_ctg"":56660882,""cmb_sel"":0,""cmb"":0,""ff"":false,""ctl_n"":""non-veg-julien-fried-rice""}",,,,,,,,2,https://b.zmtcdn.com/data/o2_assets/5d4de18a3d402878965275e9f24656951635253564.png,1
Fried Rice and Noodles,Egg Schezwan Noodles,180,,egg,,,egg,delivery-enabled,ctl_562856734,180,180,180,180,v_767367112,ctg_38755779,0,False,12,0,0,False,False,available,,0,dish,,,,services,catalogue,,,Fried Rice and Noodles,"{""v"":767367112,""s_ctg"":56660883,""cmb_sel"":0,""cmb"":0,""ff"":false,""ctl_n"":""egg-schezwan-noodles""}",,,,,,,,24,https://b.zmtcdn.com/data/o2_assets/5d4de18a3d402878965275e9f24656951635253564.png,1
Fried Rice and Noodles,Egg Singapore Noodles,180,,egg,,,egg,delivery-enabled,ctl_562856836,180,180,180,180,v_767367214,ctg_38755779,0,False,15,0,0,False,False,available,,0,dish,,,,services,catalogue,,,Fried Rice and Noodles,"{""v"":767367214,""s_ctg"":56660883,""cmb_sel"":0,""cmb"":0,""ff"":false,""ctl_n"":""egg-singapore-noodles""}",,,,,,,,24,https://b.zmtcdn.com/data/o2_assets/5d4de18a3d402878965275e9f24656951635253564.png,1
Fried Rice and Noodles,Egg Hong Kong Noodles,180,,egg,,,egg,delivery-enabled,ctl_562856965,180,180,180,180,v_767367343,ctg_38755779,0,False,16,0,0,False,False,available,,0,dish,,,,services,catalogue,,,Fried Rice and Noodles,"{""v"":767367343,""s_ctg"":56660883,""cmb_sel"":0,""cmb"":0,""ff"":false,""ctl_n"":""egg-hong-kong-noodles""}",,,,,,,,24,https://b.zmtcdn.com/data/o2_assets/5d4de18a3d402878965275e9f24656951635253564.png,1
Fried Rice and Noodles,Egg Triple Schezwan Noodles,180,,egg,,,egg,delivery-enabled,ctl_562856954,180,180,180,180,v_767367332,ctg_38755779,0,False,17,0,0,False,False,available,,0,dish,,,,services,catalogue,,,Fried Rice and Noodles,"{""v"":767367332,""s_ctg"":56660883,""cmb_sel"":0,""cmb"":0,""ff"":false,""ctl_n"":""egg-triple-schezwan-noodles""}",,,,,,,,24,https://b.zmtcdn.com/data/o2_assets/5d4de18a3d402878965275e9f24656951635253564.png,1
Fried Rice and Noodles,Non Veg Noodles,180,,non-veg,,,non-veg,delivery-enabled,ctl_562856722,180,180,180,180,v_767367100,ctg_38755779,0,False,18,0,0,False,False,available,,0,dish,,,,services,catalogue,,,Fried Rice and Noodles,"{""v"":767367100,""s_ctg"":56660883,""cmb_sel"":0,""cmb"":0,""ff"":false,""ctl_n"":""non-veg-noodles""}",,,,,,,,2,https://b.zmtcdn.com/data/o2_assets/5d4de18a3d402878965275e9f24656951635253564.png,1
Fried Rice and Noodles,Non Veg Schezwan Noodles,180,,non-veg,,,non-veg,delivery-enabled,ctl_562856716,180,180,180,180,v_767367094,ctg_38755779,0,False,19,0,0,False,False,available,,0,dish,,,,services,catalogue,,,Fried Rice and Noodles,"{""v"":767367094,""s_ctg"":56660883,""cmb_sel"":0,""cmb"":0,""ff"":false,""ctl_n"":""non-veg-schezwan-noodles""}",,,,,,,,2,https://b.zmtcdn.com/data/o2_assets/5d4de18a3d402878965275e9f24656951635253564.png,1
Fried Rice and Noodles,Non Veg Brown Garlic Noodles,180,,non-veg,,,non-veg,delivery-enabled,ctl_562856878,180,180,180,180,v_767367256,ctg_38755779,0,False,20,0,0,False,False,available,,0,dish,,,,services,catalogue,,,Fried Rice and Noodles,"{""v"":767367256,""s_ctg"":56660883,""cmb_sel"":0,""cmb"":0,""ff"":false,""ctl_n"":""non-veg-brown-garlic-noodles""}",,,,,,,,2,https://b.zmtcdn.com/data/o2_assets/5d4de18a3d402878965275e9f24656951635253564.png,1
Fried Rice and Noodles,Non Veg Butter Garlic Noodles,180,,non-veg,,,non-veg,delivery-enabled,ctl_562856800,180,180,180,180,v_767367178,ctg_38755779,0,False,21,0,0,False,False,available,,0,dish,,,,services,catalogue,,,Fried Rice and Noodles,"{""v"":767367178,""s_ctg"":56660883,""cmb_sel"":0,""cmb"":0,""ff"":false,""ctl_n"":""non-veg-butter-garlic-noodles""}",,,,,,,,2,https://b.zmtcdn.com/data/o2_assets/5d4de18a3d402878965275e9f24656951635253564.png,1
Fried Rice and Noodles,Non Veg Schezwan Fried Rice,190,,non-veg,,,non-veg,delivery-enabled,ctl_562856694,190,190,190,190,v_767367072,ctg_38755779,0,False,20,0,0,False,False,available,,0,dish,,,,services,catalogue,,,Fried Rice and Noodles,"{""v"":767367072,""s_ctg"":56660882,""cmb_sel"":0,""cmb"":0,""ff"":false,""ctl_n"":""non-veg-schezwan-fried-rice""}",,,,,,,,2,https://b.zmtcdn.com/data/o2_assets/5d4de18a3d402878965275e9f24656951635253564.png,1
Fried Rice and Noodles,Non Veg Brown Garlic Fried Rice,190,,non-veg,,,non-veg,delivery-enabled,ctl_562856799,190,190,190,190,v_767367177,ctg_38755779,0,False,21,0,0,False,False,available,,0,dish,,,,services,catalogue,,,Fried Rice and Noodles,"{""v"":767367177,""s_ctg"":56660882,""cmb_sel"":0,""cmb"":0,""ff"":false,""ctl_n"":""non-veg-brown-garlic-fried-rice""}",,,,,,,,2,https://b.zmtcdn.com/data/o2_assets/5d4de18a3d402878965275e9f24656951635253564.png,1
Fried Rice and Noodles,Non Veg Butter Garlic Fried Rice,190,,non-veg,,,non-veg,delivery-enabled,ctl_562856847,190,190,190,190,v_767367225,ctg_38755779,0,False,22,0,0,False,False,available,,0,dish,,,,services,catalogue,,,Fried Rice and Noodles,"{""v"":767367225,""s_ctg"":56660882,""cmb_sel"":0,""cmb"":0,""ff"":false,""ctl_n"":""non-veg-butter-garlic-fried-rice""}",,,,,,,,2,https://b.zmtcdn.com/data/o2_assets/5d4de18a3d402878965275e9f24656951635253564.png,1
Fried Rice and Noodles,Paneer Fried Rice,200,,veg,,,veg,delivery-enabled,ctl_562856923,200,200,200,200,v_767367301,ctg_38755779,0,False,3,0,0,False,False,available,,0,dish,,,,services,catalogue,,,Fried Rice and Noodles,"{""v"":767367301,""s_ctg"":56660882,""cmb_sel"":0,""cmb"":0,""ff"":false,""ctl_n"":""paneer-fried-rice""}",,,,,,,,1,https://b.zmtcdn.com/data/o2_assets/958e4cb4a8b255659daae2c430f976ea1608028693.png,1
Fried Rice and Noodles,Non Veg Singapore Fried Rice,210,,non-veg,,,non-veg,delivery-enabled,ctl_562856616,210,210,210,210,v_767366994,ctg_38755779,0,False,23,0,0,False,False,available,,0,dish,,,,services,catalogue,,,Fried Rice and Noodles,"{""v"":767366994,""s_ctg"":56660882,""cmb_sel"":0,""cmb"":0,""ff"":false,""ctl_n"":""non-veg-singapore-fried-rice""}",,,,,,,,2,https://b.zmtcdn.com/data/o2_assets/5d4de18a3d402878965275e9f24656951635253564.png,1
Fried Rice and Noodles,Non Veg Hong Kong Fried Rice,210,,non-veg,,,non-veg,delivery-enabled,ctl_562856767,210,210,210,210,v_767367145,ctg_38755779,0,False,24,0,0,False,False,available,,0,dish,,,,services,catalogue,,,Fried Rice and Noodles,"{""v"":767367145,""s_ctg"":56660882,""cmb_sel"":0,""cmb"":0,""ff"":false,""ctl_n"":""non-veg-hong-kong-fried-rice""}",,,,,,,,2,https://b.zmtcdn.com/data/o2_assets/5d4de18a3d402878965275e9f24656951635253564.png,1
Fried Rice and Noodles,Non Veg Singapore Noodles,210,,non-veg,,,non-veg,delivery-enabled,ctl_562856759,210,210,210,210,v_767367137,ctg_38755779,0,False,22,0,0,False,False,available,,0,dish,,,,services,catalogue,,,Fried Rice and Noodles,"{""v"":767367137,""s_ctg"":56660883,""cmb_sel"":0,""cmb"":0,""ff"":false,""ctl_n"":""non-veg-singapore-noodles""}",,,,,,,,2,https://b.zmtcdn.com/data/o2_assets/5d4de18a3d402878965275e9f24656951635253564.png,1
Fried Rice and Noodles,Non Veg Hong Kong Noodles,210,,non-veg,,,non-veg,delivery-enabled,ctl_562856760,210,210,210,210,v_767367138,ctg_38755779,0,False,23,0,0,False,False,available,,0,dish,,,,services,catalogue,,,Fried Rice and Noodles,"{""v"":767367138,""s_ctg"":56660883,""cmb_sel"":0,""cmb"":0,""ff"":false,""ctl_n"":""non-veg-hong-kong-noodles""}",,,,,,,,2,https://b.zmtcdn.com/data/o2_assets/5d4de18a3d402878965275e9f24656951635253564.png,1
Fried Rice and Noodles,Non Veg Triple Schezwan Noodles,210,,non-veg,,,non-veg,delivery-enabled,ctl_562856879,210,210,210,210,v_767367257,ctg_38755779,0,False,24,0,0,False,False,available,,0,dish,,,,services,catalogue,,,Fried Rice and Noodles,"{""v"":767367257,""s_ctg"":56660883,""cmb_sel"":0,""cmb"":0,""ff"":false,""ctl_n"":""non-veg-triple-schezwan-noodles""}",,,,,,,,2,https://b.zmtcdn.com/data/o2_assets/5d4de18a3d402878965275e9f24656951635253564.png,1
Momos,Veg Mixed Fried Momos,130,[7 Pieces],veg,,,veg,delivery-enabled,ctl_562856650,130,130,130,130,v_767367028,ctg_38755783,0,False,1,0,0,False,False,available,,0,dish,,,,services,catalogue,,,Momos,"{""v"":767367028,""s_ctg"":56660889,""cmb_sel"":0,""cmb"":0,""ff"":false,""ctl_n"":""veg-mixed-fried-momos""}",,,,,,,,1,https://b.zmtcdn.com/data/o2_assets/958e4cb4a8b255659daae2c430f976ea1608028693.png,1
Momos,Veg Peri Pri Fried Momos,140,[7 Pieces],veg,,,veg,delivery-enabled,ctl_562856978,140,140,140,140,v_767367356,ctg_38755783,0,False,2,0,0,False,False,available,,0,dish,,,,services,catalogue,,,Momos,"{""v"":767367356,""s_ctg"":56660889,""cmb_sel"":0,""cmb"":0,""ff"":false,""ctl_n"":""veg-peri-pri-fried-momos""}",,,,,,,,1,https://b.zmtcdn.com/data/o2_assets/958e4cb4a8b255659daae2c430f976ea1608028693.png,1
Momos,Veg Schzewan Fried Momos,140,[7 Pieces],veg,,,veg,delivery-enabled,ctl_562856771,140,140,140,140,v_767367149,ctg_38755783,0,False,5,0,0,False,False,available,,0,dish,,,,services,catalogue,,,Momos,"{""v"":767367149,""s_ctg"":56660889,""cmb_sel"":0,""cmb"":0,""ff"":false,""ctl_n"":""veg-schzewan-fried-momos""}",,,,,,,,1,https://b.zmtcdn.com/data/o2_assets/958e4cb4a8b255659daae2c430f976ea1608028693.png,1
Momos,Veg Mixed Steamed Momos,140,[7 Pieces],veg,,,veg,delivery-enabled,ctl_562856794,140,140,140,140,v_767367172,ctg_38755783,0,False,7,0,0,False,False,available,,0,dish,,,,services,catalogue,,,Momos,"{""v"":767367172,""s_ctg"":56660889,""cmb_sel"":0,""cmb"":0,""ff"":false,""ctl_n"":""veg-mixed-steamed-momos""}",,,,,,,,1,https://b.zmtcdn.com/data/o2_assets/958e4cb4a8b255659daae2c430f976ea1608028693.png,1
Momos,Paneer Fried Momos,150,[7 Pieces],veg,,,veg,delivery-enabled,ctl_562856979,150,150,150,150,v_767367357,ctg_38755783,0,False,4,0,0,False,False,available,,0,dish,,,,services,catalogue,,,Momos,"{""v"":767367357,""s_ctg"":56660889,""cmb_sel"":0,""cmb"":0,""ff"":false,""ctl_n"":""paneer-fried-momos""}",,,,,,,,1,https://b.zmtcdn.com/data/o2_assets/958e4cb4a8b255659daae2c430f976ea1608028693.png,1
Momos,Veg Peri Peri Steamed Momos,150,[7 Pieces],veg,,,veg,delivery-enabled,ctl_562856709,150,150,150,150,v_767367087,ctg_38755783,0,False,8,0,0,False,False,available,,0,dish,,,,services,catalogue,,,Momos,"{""v"":767367087,""s_ctg"":56660889,""cmb_sel"":0,""cmb"":0,""ff"":false,""ctl_n"":""veg-peri-peri-steamed-momos""}",,,,,,,,1,https://b.zmtcdn.com/data/o2_assets/958e4cb4a8b255659daae2c430f976ea1608028693.png,1
Momos,Veg Schzewan Steamed Momos,150,[7 Pieces],veg,,,veg,delivery-enabled,ctl_562856905,150,150,150,150,v_767367283,ctg_38755783,0,False,11,0,0,False,False,available,,0,dish,,,,services,catalogue,,,Momos,"{""v"":767367283,""s_ctg"":56660889,""cmb_sel"":0,""cmb"":0,""ff"":false,""ctl_n"":""veg-schzewan-steamed-momos""}",,,,,,,,1,https://b.zmtcdn.com/data/o2_assets/958e4cb4a8b255659daae2c430f976ea1608028693.png,1
Momos,Paneer Schezwan Steamed Momos,150,[7 Pieces],veg,,,veg,delivery-enabled,ctl_562856949,150,150,150,150,v_767367327,ctg_38755783,0,False,12,0,0,False,False,available,,0,dish,,,,services,catalogue,,,Momos,"{""v"":767367327,""s_ctg"":56660889,""cmb_sel"":0,""cmb"":0,""ff"":false,""ctl_n"":""paneer-schezwan-steamed-momos""}",,,,,,,,1,https://b.zmtcdn.com/data/o2_assets/958e4cb4a8b255659daae2c430f976ea1608028693.png,1
Momos,Chicken Fried Momos,150,[7 Pieces],non-veg,,,non-veg,delivery-enabled,ctl_562856919,150,150,150,150,v_767367297,ctg_38755783,0,False,13,0,0,False,False,available,,0,dish,,,,services,catalogue,,,Momos,"{""v"":767367297,""s_ctg"":56660889,""cmb_sel"":0,""cmb"":0,""ff"":false,""ctl_n"":""chicken-fried-momos""}",,,,,,,,2,https://b.zmtcdn.com/data/o2_assets/5d4de18a3d402878965275e9f24656951635253564.png,1
Momos,Chicken Steamed Momos,150,[7 Pieces],non-veg,4.30000019,8 votes,non-veg,delivery-enabled,ctl_562856883,150,150,150,150,v_767367261,ctg_38755783,0,False,16,0,0,False,False,available,,0,dish,,,,services,catalogue,,,Momos,"{""v"":767367261,""s_ctg"":56660889,""cmb_sel"":0,""cmb"":0,""ff"":false,""ctl_n"":""chicken-steamed-momos""}",,,,,,,,2,https://b.zmtcdn.com/data/o2_assets/5d4de18a3d402878965275e9f24656951635253564.png,1
Momos,Paneer Peri Peri Fried Momos,160,[7 Pieces],veg,,,veg,delivery-enabled,ctl_562856796,160,160,160,160,v_767367174,ctg_38755783,0,False,3,0,0,False,False,available,,0,dish,,,,services,catalogue,,,Momos,"{""v"":767367174,""s_ctg"":56660889,""cmb_sel"":0,""cmb"":0,""ff"":false,""ctl_n"":""paneer-peri-peri-fried-momos""}",,,,,,,,1,https://b.zmtcdn.com/data/o2_assets/958e4cb4a8b255659daae2c430f976ea1608028693.png,1
Momos,Paneer Schezwan Fried Momos,160,[7 Pieces],veg,,,veg,delivery-enabled,ctl_562856633,160,160,160,160,v_767367011,ctg_38755783,0,False,6,0,0,False,False,available,,0,dish,,,,services,catalogue,,,Momos,"{""v"":767367011,""s_ctg"":56660889,""cmb_sel"":0,""cmb"":0,""ff"":false,""ctl_n"":""paneer-schezwan-fried-momos""}",,,,,,,,1,https://b.zmtcdn.com/data/o2_assets/958e4cb4a8b255659daae2c430f976ea1608028693.png,1
Momos,Paneer Steamed Momos,160,[7 Pieces],veg,,,veg,delivery-enabled,ctl_562856677,160,160,160,160,v_767367055,ctg_38755783,0,False,10,0,0,False,False,available,,0,dish,,,,services,catalogue,,,Momos,"{""v"":767367055,""s_ctg"":56660889,""cmb_sel"":0,""cmb"":0,""ff"":false,""ctl_n"":""paneer-steamed-momos""}",,,,,,,,1,https://b.zmtcdn.com/data/o2_assets/958e4cb4a8b255659daae2c430f976ea1608028693.png,1
Momos,Chicken Peri Peri Fried Momos,160,[7 Pieces],non-veg,,,non-veg,delivery-enabled,ctl_562856866,160,160,160,160,v_767367244,ctg_38755783,0,False,14,0,0,False,False,available,,0,dish,,,,services,catalogue,,,Momos,"{""v"":767367244,""s_ctg"":56660889,""cmb_sel"":0,""cmb"":0,""ff"":false,""ctl_n"":""chicken-peri-peri-fried-momos""}",,,,,,,,2,https://b.zmtcdn.com/data/o2_assets/5d4de18a3d402878965275e9f24656951635253564.png,1
Momos,Chicken Schzewan Fried Momos,160,[7 Pieces],non-veg,,,non-veg,delivery-enabled,ctl_562856947,160,160,160,160,v_767367325,ctg_38755783,0,False,15,0,0,False,False,available,,0,dish,,,,services,catalogue,,,Momos,"{""v"":767367325,""s_ctg"":56660889,""cmb_sel"":0,""cmb"":0,""ff"":false,""ctl_n"":""chicken-schzewan-fried-momos""}",,,,,,,,2,https://b.zmtcdn.com/data/o2_assets/5d4de18a3d402878965275e9f24656951635253564.png,1
Momos,Chicken Peri Peri Steamed Momos,160,[7 Pieces],non-veg,,,non-veg,delivery-enabled,ctl_562856940,160,160,160,160,v_767367318,ctg_38755783,0,False,17,0,0,False,False,available,,0,dish,,,,services,catalogue,,,Momos,"{""v"":767367318,""s_ctg"":56660889,""cmb_sel"":0,""cmb"":0,""ff"":false,""ctl_n"":""chicken-peri-peri-steamed-momos""}",,,,,,,,2,https://b.zmtcdn.com/data/o2_assets/5d4de18a3d402878965275e9f24656951635253564.png,1
Momos,Chicken Schzewan Steamed Momos,160,[7 Pieces],non-veg,,,non-veg,delivery-enabled,ctl_562856751,160,160,160,160,v_767367129,ctg_38755783,0,False,18,0,0,False,False,available,,0,dish,,,,services,catalogue,,,Momos,"{""v"":767367129,""s_ctg"":56660889,""cmb_sel"":0,""cmb"":0,""ff"":false,""ctl_n"":""chicken-schzewan-steamed-momos""}",,,,,,,,2,https://b.zmtcdn.com/data/o2_assets/5d4de18a3d402878965275e9f24656951635253564.png,1
Momos,Paneer Peri Peri Steamed Momos,170,[7 Pieces],veg,,,veg,delivery-enabled,ctl_562856934,170,170,170,170,v_767367312,ctg_38755783,0,False,9,0,0,False,False,available,,0,dish,,,,services,catalogue,,,Momos,"{""v"":767367312,""s_ctg"":56660889,""cmb_sel"":0,""cmb"":0,""ff"":false,""ctl_n"":""paneer-peri-peri-steamed-momos""}",,,,,,,,1,https://b.zmtcdn.com/data/o2_assets/958e4cb4a8b255659daae2c430f976ea1608028693.png,1
Pizza and Pasta,Veg Pasta,170,,veg,,,veg,delivery-enabled,ctl_562856917,170,170,170,170,v_767367295,ctg_38755780,0,False,1,0,0,False,False,available,,0,dish,,,,services,catalogue,,,Pizza and Pasta,"{""v"":767367295,""s_ctg"":56660885,""cmb_sel"":0,""cmb"":0,""ff"":false,""ctl_n"":""veg-pasta""}",,,,,,,,1,https://b.zmtcdn.com/data/o2_assets/958e4cb4a8b255659daae2c430f976ea1608028693.png,1
Pizza and Pasta,Corn Pizza,190,[8Inch],veg,2.45000005,5 votes,veg,delivery-enabled,ctl_562856975,190,190,190,190,v_767367353,ctg_38755780,0,False,1,0,0,False,False,available,,0,dish,,,,services,catalogue,,,Pizza and Pasta,"{""v"":767367353,""s_ctg"":56660884,""cmb_sel"":0,""cmb"":0,""ff"":false,""ctl_n"":""corn-pizza""}",,,,,,,,1,https://b.zmtcdn.com/data/o2_assets/958e4cb4a8b255659daae2c430f976ea1608028693.png,1
Pizza and Pasta,Mushroom Pizza,190,[8Inch],veg,,,veg,delivery-enabled,ctl_562856945,190,190,190,190,v_767367323,ctg_38755780,0,False,2,0,0,False,False,available,,0,dish,,,,services,catalogue,,,Pizza and Pasta,"{""v"":767367323,""s_ctg"":56660884,""cmb_sel"":0,""cmb"":0,""ff"":false,""ctl_n"":""mushroom-pizza""}",,,,,,,,1,https://b.zmtcdn.com/data/o2_assets/958e4cb4a8b255659daae2c430f976ea1608028693.png,1
Pizza and Pasta,Mix Veg Pizza,190,[8Inch],veg,,,veg,delivery-enabled,ctl_562856706,190,190,190,190,v_767367084,ctg_38755780,0,False,3,0,0,False,False,available,,0,dish,,,,services,catalogue,,,Pizza and Pasta,"{""v"":767367084,""s_ctg"":56660884,""cmb_sel"":0,""cmb"":0,""ff"":false,""ctl_n"":""mix-veg-pizza""}",,,,,,,,1,https://b.zmtcdn.com/data/o2_assets/958e4cb4a8b255659daae2c430f976ea1608028693.png,1
Pizza and Pasta,Margherita Pizza,200,[8Inch],veg,,,veg,delivery-enabled,ctl_562856656,200,200,200,200,v_767367034,ctg_38755780,0,False,5,0,0,False,False,available,,0,dish,,,,services,catalogue,,,Pizza and Pasta,"{""v"":767367034,""s_ctg"":56660884,""cmb_sel"":0,""cmb"":0,""ff"":false,""ctl_n"":""margherita-pizza""}",,,,,,,,1,https://b.zmtcdn.com/data/o2_assets/958e4cb4a8b255659daae2c430f976ea1608028693.png,1
Pizza and Pasta,Paneer Pasta,210,,veg,,,veg,delivery-enabled,ctl_562856647,210,210,210,210,v_767367025,ctg_38755780,0,False,2,0,0,False,False,available,,0,dish,,,,services,catalogue,,,Pizza and Pasta,"{""v"":767367025,""s_ctg"":56660885,""cmb_sel"":0,""cmb"":0,""ff"":false,""ctl_n"":""paneer-pasta""}",,,,,,,,1,https://b.zmtcdn.com/data/o2_assets/958e4cb4a8b255659daae2c430f976ea1608028693.png,1
Pizza and Pasta,Veg Alfredo White Sauce Pasta,210,,veg,3.80999994,13 votes,veg,delivery-enabled,ctl_562856870,210,210,210,210,v_767367248,ctg_38755780,0,False,3,0,0,False,False,available,,0,dish,,,,services,catalogue,,,Pizza and Pasta,"{""v"":767367248,""s_ctg"":56660885,""cmb_sel"":0,""cmb"":0,""ff"":false,""ctl_n"":""veg-alfredo-white-sauce-pasta""}",,,,,,,,1,https://b.zmtcdn.com/data/o2_assets/958e4cb4a8b255659daae2c430f976ea1608028693.png,1
Pizza and Pasta,Veg Arrabbiata Red Sauce Pasta,210,,veg,,,veg,delivery-enabled,ctl_562856966,210,210,210,210,v_767367344,ctg_38755780,0,False,4,0,0,False,False,available,,0,dish,,,,services,catalogue,,,Pizza and Pasta,"{""v"":767367344,""s_ctg"":56660885,""cmb_sel"":0,""cmb"":0,""ff"":false,""ctl_n"":""veg-arrabbiata-red-sauce-pasta""}",,,,,,,,1,https://b.zmtcdn.com/data/o2_assets/958e4cb4a8b255659daae2c430f976ea1608028693.png,1
Pizza and Pasta,Veg Masala Mafia Pasta,210,,veg,,,veg,delivery-enabled,ctl_562856623,210,210,210,210,v_767367001,ctg_38755780,0,False,5,0,0,False,False,available,,0,dish,,,,services,catalogue,,,Pizza and Pasta,"{""v"":767367001,""s_ctg"":56660885,""cmb_sel"":0,""cmb"":0,""ff"":false,""ctl_n"":""veg-masala-mafia-pasta""}",,,,,,,,1,https://b.zmtcdn.com/data/o2_assets/958e4cb4a8b255659daae2c430f976ea1608028693.png,1
Pizza and Pasta,Veg Margherita Pasta,210,,veg,,,veg,delivery-enabled,ctl_562856889,210,210,210,210,v_767367267,ctg_38755780,0,False,6,0,0,False,False,available,,0,dish,,,,services,catalogue,,,Pizza and Pasta,"{""v"":767367267,""s_ctg"":56660885,""cmb_sel"":0,""cmb"":0,""ff"":false,""ctl_n"":""veg-margherita-pasta""}",,,,,,,,1,https://b.zmtcdn.com/data/o2_assets/958e4cb4a8b255659daae2c430f976ea1608028693.png,1
Pizza and Pasta,Veg Pesto Pasta,210,,veg,,,veg,delivery-enabled,ctl_562856632,210,210,210,210,v_767367010,ctg_38755780,0,False,7,0,0,False,False,available,,0,dish,,,,services,catalogue,,,Pizza and Pasta,"{""v"":767367010,""s_ctg"":56660885,""cmb_sel"":0,""cmb"":0,""ff"":false,""ctl_n"":""veg-pesto-pasta""}",,,,,,,,1,https://b.zmtcdn.com/data/o2_assets/958e4cb4a8b255659daae2c430f976ea1608028693.png,1
Pizza and Pasta,Chicken Pasta,210,,non-veg,,,non-veg,delivery-enabled,ctl_562856684,210,210,210,210,v_767367062,ctg_38755780,0,False,13,0,0,False,False,available,,0,dish,,,,services,catalogue,,,Pizza and Pasta,"{""v"":767367062,""s_ctg"":56660885,""cmb_sel"":0,""cmb"":0,""ff"":false,""ctl_n"":""chicken-pasta""}",,,,,,,,2,https://b.zmtcdn.com/data/o2_assets/5d4de18a3d402878965275e9f24656951635253564.png,1
Pizza and Pasta,Paneer Pizza,230,[8Inch],veg,,,veg,delivery-enabled,ctl_562856793,230,230,230,230,v_767367171,ctg_38755780,0,False,4,0,0,False,False,available,,0,dish,,,,services,catalogue,,,Pizza and Pasta,"{""v"":767367171,""s_ctg"":56660884,""cmb_sel"":0,""cmb"":0,""ff"":false,""ctl_n"":""paneer-pizza""}",,,,,,,,1,https://b.zmtcdn.com/data/o2_assets/958e4cb4a8b255659daae2c430f976ea1608028693.png,1
Pizza and Pasta,Chicken Pizza [8 inches],230,,non-veg,,,non-veg,delivery-enabled,ctl_562856784,230,230,230,230,v_767367162,ctg_38755780,0,False,8,0,0,False,False,available,,0,dish,,,,services,catalogue,,,Pizza and Pasta,"{""v"":767367162,""s_ctg"":56660884,""cmb_sel"":0,""cmb"":0,""ff"":false,""ctl_n"":""chicken-pizza-8-inches-""}",,,,,,,,2,https://b.zmtcdn.com/data/o2_assets/5d4de18a3d402878965275e9f24656951635253564.png,1
Pizza and Pasta,Veg Agio Olio Pasta,230,,veg,,,veg,delivery-enabled,ctl_562856801,230,230,230,230,v_767367179,ctg_38755780,0,False,8,0,0,False,False,available,,0,dish,,,,services,catalogue,,,Pizza and Pasta,"{""v"":767367179,""s_ctg"":56660885,""cmb_sel"":0,""cmb"":0,""ff"":false,""ctl_n"":""veg-agio-olio-pasta""}",,,,,,,,1,https://b.zmtcdn.com/data/o2_assets/958e4cb4a8b255659daae2c430f976ea1608028693.png,1
Pizza and Pasta,Veg Alfredo Spaghetti,230,,veg,,,veg,delivery-enabled,ctl_562856707,230,230,230,230,v_767367085,ctg_38755780,0,False,9,0,0,False,False,available,,0,dish,,,,services,catalogue,,,Pizza and Pasta,"{""v"":767367085,""s_ctg"":56660885,""cmb_sel"":0,""cmb"":0,""ff"":false,""ctl_n"":""veg-alfredo-spaghetti""}",,,,,,,,1,https://b.zmtcdn.com/data/o2_assets/958e4cb4a8b255659daae2c430f976ea1608028693.png,1
Pizza and Pasta,Veg Bake Macroni,230,,veg,,,veg,delivery-enabled,ctl_562856910,230,230,230,230,v_767367288,ctg_38755780,0,False,10,0,0,False,False,available,,0,dish,,,,services,catalogue,,,Pizza and Pasta,"{""v"":767367288,""s_ctg"":56660885,""cmb_sel"":0,""cmb"":0,""ff"":false,""ctl_n"":""veg-bake-macroni""}",,,,,,,,1,https://b.zmtcdn.com/data/o2_assets/958e4cb4a8b255659daae2c430f976ea1608028693.png,1
Pizza and Pasta,Veg Mac and Cheese Pasta,230,,veg,,,veg,delivery-enabled,ctl_562856898,230,230,230,230,v_767367276,ctg_38755780,0,False,12,0,0,False,False,available,,0,dish,,,,services,catalogue,,,Pizza and Pasta,"{""v"":767367276,""s_ctg"":56660885,""cmb_sel"":0,""cmb"":0,""ff"":false,""ctl_n"":""veg-mac-and-cheese-pasta""}",,,,,,,,1,https://b.zmtcdn.com/data/o2_assets/958e4cb4a8b255659daae2c430f976ea1608028693.png,1
Pizza and Pasta,Non Veg Alfredo White Sauce Pasta,230,,non-veg,4.28999996,23 votes,non-veg,delivery-enabled,ctl_562856955,230,230,230,230,v_767367333,ctg_38755780,0,False,14,0,0,False,False,available,,0,dish,,,,services,catalogue,,,Pizza and Pasta,"{""v"":767367333,""s_ctg"":56660885,""cmb_sel"":0,""cmb"":0,""ff"":false,""ctl_n"":""non-veg-alfredo-white-sauce-pasta""}",,,,,,,,2,https://b.zmtcdn.com/data/o2_assets/5d4de18a3d402878965275e9f24656951635253564.png,1
Pizza and Pasta,Non Veg Arrabbiata Red Sauce Pasta,230,,non-veg,,,non-veg,delivery-enabled,ctl_562856700,230,230,230,230,v_767367078,ctg_38755780,0,False,15,0,0,False,False,available,,0,dish,,,,services,catalogue,,,Pizza and Pasta,"{""v"":767367078,""s_ctg"":56660885,""cmb_sel"":0,""cmb"":0,""ff"":false,""ctl_n"":""non-veg-arrabbiata-red-sauce-pasta""}",,,,,,,,2,https://b.zmtcdn.com/data/o2_assets/5d4de18a3d402878965275e9f24656951635253564.png,1
Pizza and Pasta,Non Veg Masala Mafia Pasta,230,,non-veg,,,non-veg,delivery-enabled,ctl_562856785,230,230,230,230,v_767367163,ctg_38755780,0,False,16,0,0,False,False,available,,0,dish,,,,services,catalogue,,,Pizza and Pasta,"{""v"":767367163,""s_ctg"":56660885,""cmb_sel"":0,""cmb"":0,""ff"":false,""ctl_n"":""non-veg-masala-mafia-pasta""}",,,,,,,,2,https://b.zmtcdn.com/data/o2_assets/5d4de18a3d402878965275e9f24656951635253564.png,1
Pizza and Pasta,Non Veg Margherita Pasta,230,,non-veg,,,non-veg,delivery-enabled,ctl_562856904,230,230,230,230,v_767367282,ctg_38755780,0,False,17,0,0,False,False,available,,0,dish,,,,services,catalogue,,,Pizza and Pasta,"{""v"":767367282,""s_ctg"":56660885,""cmb_sel"":0,""cmb"":0,""ff"":false,""ctl_n"":""non-veg-margherita-pasta""}",,,,,,,,2,https://b.zmtcdn.com/data/o2_assets/5d4de18a3d402878965275e9f24656951635253564.png,1
Pizza and Pasta,Non Veg Pesto Pasta,230,,non-veg,,,non-veg,delivery-enabled,ctl_562856956,230,230,230,230,v_767367334,ctg_38755780,0,False,18,0,0,False,False,available,,0,dish,,,,services,catalogue,,,Pizza and Pasta,"{""v"":767367334,""s_ctg"":56660885,""cmb_sel"":0,""cmb"":0,""ff"":false,""ctl_n"":""non-veg-pesto-pasta""}",,,,,,,,2,https://b.zmtcdn.com/data/o2_assets/5d4de18a3d402878965275e9f24656951635253564.png,1
Pizza and Pasta,Barbeque Chicken Pizza,240,[8Inch],non-veg,,,non-veg,delivery-enabled,ctl_562856770,240,240,240,240,v_767367148,ctg_38755780,0,False,9,0,0,False,False,available,,0,dish,,,,services,catalogue,,,Pizza and Pasta,"{""v"":767367148,""s_ctg"":56660884,""cmb_sel"":0,""cmb"":0,""ff"":false,""ctl_n"":""barbeque-chicken-pizza""}",,,,,,,,2,https://b.zmtcdn.com/data/o2_assets/5d4de18a3d402878965275e9f24656951635253564.png,1
Pizza and Pasta,Chicken Tikka Pizza,250,[8Inch],non-veg,3.27999997,5 votes,non-veg,delivery-enabled,ctl_562856676,250,250,250,250,v_767367054,ctg_38755780,0,False,6,0,0,False,False,available,,0,dish,,,,services,catalogue,,,Pizza and Pasta,"{""v"":767367054,""s_ctg"":56660884,""cmb_sel"":0,""cmb"":0,""ff"":false,""ctl_n"":""chicken-tikka-pizza""}",,,,,,,,2,https://b.zmtcdn.com/data/o2_assets/5d4de18a3d402878965275e9f24656951635253564.png,1
Pizza and Pasta,Paneer Tikka Pizza,250,[8Inch],veg,,,veg,delivery-enabled,ctl_562856862,250,250,250,250,v_767367240,ctg_38755780,0,False,7,0,0,False,False,available,,0,dish,,,,services,catalogue,,,Pizza and Pasta,"{""v"":767367240,""s_ctg"":56660884,""cmb_sel"":0,""cmb"":0,""ff"":false,""ctl_n"":""paneer-tikka-pizza""}",,,,,,,,1,https://b.zmtcdn.com/data/o2_assets/958e4cb4a8b255659daae2c430f976ea1608028693.png,1
Pizza and Pasta,Chicken Chilli Pizza,250,[8Inch],non-veg,,,non-veg,delivery-enabled,ctl_562856646,250,250,250,250,v_767367024,ctg_38755780,0,False,10,0,0,False,False,available,,0,dish,,,,services,catalogue,,,Pizza and Pasta,"{""v"":767367024,""s_ctg"":56660884,""cmb_sel"":0,""cmb"":0,""ff"":false,""ctl_n"":""chicken-chilli-pizza""}",,,,,,,,2,https://b.zmtcdn.com/data/o2_assets/5d4de18a3d402878965275e9f24656951635253564.png,1
Pizza and Pasta,Chicken Manchurian Pizza,250,[8Inch],non-veg,,,non-veg,delivery-enabled,ctl_562856976,250,250,250,250,v_767367354,ctg_38755780,0,False,12,0,0,False,False,available,,0,dish,,,,services,catalogue,,,Pizza and Pasta,"{""v"":767367354,""s_ctg"":56660884,""cmb_sel"":0,""cmb"":0,""ff"":false,""ctl_n"":""chicken-manchurian-pizza""}",,,,,,,,2,https://b.zmtcdn.com/data/o2_assets/5d4de18a3d402878965275e9f24656951635253564.png,1
Pizza and Pasta,Veg Lasagna,250,,veg,,,veg,delivery-enabled,ctl_562856946,250,250,250,250,v_767367324,ctg_38755780,0,False,11,0,0,False,False,available,,0,dish,,,,services,catalogue,,,Pizza and Pasta,"{""v"":767367324,""s_ctg"":56660885,""cmb_sel"":0,""cmb"":0,""ff"":false,""ctl_n"":""veg-lasagna""}",,,,,,,,1,https://b.zmtcdn.com/data/o2_assets/958e4cb4a8b255659daae2c430f976ea1608028693.png,1
Pizza and Pasta,Non Veg Agio Olio Pasta,250,,non-veg,,,non-veg,delivery-enabled,ctl_562856802,250,250,250,250,v_767367180,ctg_38755780,0,False,19,0,0,False,False,available,,0,dish,,,,services,catalogue,,,Pizza and Pasta,"{""v"":767367180,""s_ctg"":56660885,""cmb_sel"":0,""cmb"":0,""ff"":false,""ctl_n"":""non-veg-agio-olio-pasta""}",,,,,,,,2,https://b.zmtcdn.com/data/o2_assets/5d4de18a3d402878965275e9f24656951635253564.png,1
Pizza and Pasta,Non Veg Alfredo Spaghetti,250,,non-veg,4.46999979,6 votes,non-veg,delivery-enabled,ctl_562856890,250,250,250,250,v_767367268,ctg_38755780,0,False,20,0,0,False,False,available,,0,dish,,,,services,catalogue,,,Pizza and Pasta,"{""v"":767367268,""s_ctg"":56660885,""cmb_sel"":0,""cmb"":0,""ff"":false,""ctl_n"":""non-veg-alfredo-spaghetti""}",,,,,,,,2,https://b.zmtcdn.com/data/o2_assets/5d4de18a3d402878965275e9f24656951635253564.png,1
Pizza and Pasta,Non Veg Bake Macroni,250,,non-veg,,,non-veg,delivery-enabled,ctl_562856669,250,250,250,250,v_767367047,ctg_38755780,0,False,21,0,0,False,False,available,,0,dish,,,,services,catalogue,,,Pizza and Pasta,"{""v"":767367047,""s_ctg"":56660885,""cmb_sel"":0,""cmb"":0,""ff"":false,""ctl_n"":""non-veg-bake-macroni""}",,,,,,,,2,https://b.zmtcdn.com/data/o2_assets/5d4de18a3d402878965275e9f24656951635253564.png,1
Pizza and Pasta,Non Veg Mac and Cheese Pasta,250,,non-veg,,,non-veg,delivery-enabled,ctl_562856617,250,250,250,250,v_767366995,ctg_38755780,0,False,23,0,0,False,False,available,,0,dish,,,,services,catalogue,,,Pizza and Pasta,"{""v"":767366995,""s_ctg"":56660885,""cmb_sel"":0,""cmb"":0,""ff"":false,""ctl_n"":""non-veg-mac-and-cheese-pasta""}",,,,,,,,2,https://b.zmtcdn.com/data/o2_assets/5d4de18a3d402878965275e9f24656951635253564.png,1
Pizza and Pasta,Chicken Peri Peri Pizza,260,[8Inch],non-veg,,,non-veg,delivery-enabled,ctl_562856844,260,260,260,260,v_767367222,ctg_38755780,0,False,11,0,0,False,False,available,,0,dish,,,,services,catalogue,,,Pizza and Pasta,"{""v"":767367222,""s_ctg"":56660884,""cmb_sel"":0,""cmb"":0,""ff"":false,""ctl_n"":""chicken-peri-peri-pizza""}",,,,,,,,2,https://b.zmtcdn.com/data/o2_assets/5d4de18a3d402878965275e9f24656951635253564.png,1
Pizza and Pasta,Chicken Over Loaded Pizza,280,[8Inch],non-veg,,,non-veg,delivery-enabled,ctl_562856916,280,280,280,280,v_767367294,ctg_38755780,0,False,13,0,0,False,False,available,,0,dish,,,,services,catalogue,,,Pizza and Pasta,"{""v"":767367294,""s_ctg"":56660884,""cmb_sel"":0,""cmb"":0,""ff"":false,""ctl_n"":""chicken-over-loaded-pizza""}",,,,,,,,2,https://b.zmtcdn.com/data/o2_assets/5d4de18a3d402878965275e9f24656951635253564.png,1
Pizza and Pasta,Non Veg Lasagna,280,,non-veg,3.78999996,7 votes,non-veg,delivery-enabled,ctl_562856639,280,280,280,280,v_767367017,ctg_38755780,0,False,22,0,0,False,False,available,,0,dish,,,,services,catalogue,,,Pizza and Pasta,"{""v"":767367017,""s_ctg"":56660885,""cmb_sel"":0,""cmb"":0,""ff"":false,""ctl_n"":""non-veg-lasagna""}",,,,,,,,2,https://b.zmtcdn.com/data/o2_assets/5d4de18a3d402878965275e9f24656951635253564.png,1
Rolls,Veg Roll,100,,veg,,,veg,delivery-enabled,ctl_562856884,100,100,100,100,v_767367262,ctg_38755784,0,False,1,0,0,False,False,available,,0,dish,,,,services,catalogue,,,Rolls,"{""v"":767367262,""s_ctg"":56660890,""cmb_sel"":0,""cmb"":0,""ff"":false,""ctl_n"":""veg-roll""}",,,,,,,,1,https://b.zmtcdn.com/data/o2_assets/958e4cb4a8b255659daae2c430f976ea1608028693.png,1
Rolls,Corn Roll,100,,veg,,,veg,delivery-enabled,ctl_562856950,100,100,100,100,v_767367328,ctg_38755784,0,False,2,0,0,False,False,available,,0,dish,,,,services,catalogue,,,Rolls,"{""v"":767367328,""s_ctg"":56660890,""cmb_sel"":0,""cmb"":0,""ff"":false,""ctl_n"":""corn-roll""}",,,,,,,,1,https://b.zmtcdn.com/data/o2_assets/958e4cb4a8b255659daae2c430f976ea1608028693.png,1
Rolls,Chicken Roll,110,,non-veg,,,non-veg,delivery-enabled,ctl_562856701,110,110,110,110,v_767367079,ctg_38755784,0,False,9,0,0,False,False,available,,0,dish,,,,services,catalogue,,,Rolls,"{""v"":767367079,""s_ctg"":56660890,""cmb_sel"":0,""cmb"":0,""ff"":false,""ctl_n"":""chicken-roll""}",,,,,,,,2,https://b.zmtcdn.com/data/o2_assets/5d4de18a3d402878965275e9f24656951635253564.png,1
Rolls,Veg Cheese Roll,120,,veg,,,veg,delivery-enabled,ctl_562856988,120,120,120,120,v_767367366,ctg_38755784,0,False,3,0,0,False,False,available,,0,dish,,,,services,catalogue,,,Rolls,"{""v"":767367366,""s_ctg"":56660890,""cmb_sel"":0,""cmb"":0,""ff"":false,""ctl_n"":""veg-cheese-roll""}",,,,,,,,1,https://b.zmtcdn.com/data/o2_assets/958e4cb4a8b255659daae2c430f976ea1608028693.png,1
Rolls,Mushroom Roll,120,,veg,,,veg,delivery-enabled,ctl_562856972,120,120,120,120,v_767367350,ctg_38755784,0,False,4,0,0,False,False,available,,0,dish,,,,services,catalogue,,,Rolls,"{""v"":767367350,""s_ctg"":56660890,""cmb_sel"":0,""cmb"":0,""ff"":false,""ctl_n"":""mushroom-roll""}",,,,,,,,1,https://b.zmtcdn.com/data/o2_assets/958e4cb4a8b255659daae2c430f976ea1608028693.png,1
Rolls,Egg Chilli Roll,120,,egg,,,egg,delivery-enabled,ctl_562856745,120,120,120,120,v_767367123,ctg_38755784,0,False,8,0,0,False,False,available,,0,dish,,,,services,catalogue,,,Rolls,"{""v"":767367123,""s_ctg"":56660890,""cmb_sel"":0,""cmb"":0,""ff"":false,""ctl_n"":""egg-chilli-roll""}",,,,,,,,24,https://b.zmtcdn.com/data/o2_assets/5d4de18a3d402878965275e9f24656951635253564.png,1
Rolls,Chicken Cheese Roll,129,,non-veg,,,non-veg,delivery-enabled,ctl_562856840,129,129,129,129,v_767367218,ctg_38755784,0,False,13,0,0,False,False,available,,0,dish,,,,services,catalogue,,,Rolls,"{""v"":767367218,""s_ctg"":56660890,""cmb_sel"":0,""cmb"":0,""ff"":false,""ctl_n"":""chicken-cheese-roll""}",,,,,,,,2,https://b.zmtcdn.com/data/o2_assets/5d4de18a3d402878965275e9f24656951635253564.png,1
Rolls,Chicken Tikka Roll,129,,non-veg,,,non-veg,delivery-enabled,ctl_562856901,129,129,129,129,v_767367279,ctg_38755784,0,False,14,0,0,False,False,available,,0,dish,,,,services,catalogue,,,Rolls,"{""v"":767367279,""s_ctg"":56660890,""cmb_sel"":0,""cmb"":0,""ff"":false,""ctl_n"":""chicken-tikka-roll""}",,,,,,,,2,https://b.zmtcdn.com/data/o2_assets/5d4de18a3d402878965275e9f24656951635253564.png,1
Rolls,Chicken Roasted Roll,130,,non-veg,,,non-veg,delivery-enabled,ctl_562856893,130,130,130,130,v_767367271,ctg_38755784,0,False,11,0,0,False,False,available,,0,dish,,,,services,catalogue,,,Rolls,"{""v"":767367271,""s_ctg"":56660890,""cmb_sel"":0,""cmb"":0,""ff"":false,""ctl_n"":""chicken-roasted-roll""}",,,,,,,,2,https://b.zmtcdn.com/data/o2_assets/5d4de18a3d402878965275e9f24656951635253564.png,1
Rolls,Chicken Manchurian Roll,130,,non-veg,,,non-veg,delivery-enabled,ctl_562856685,130,130,130,130,v_767367063,ctg_38755784,0,False,12,0,0,False,False,available,,0,dish,,,,services,catalogue,,,Rolls,"{""v"":767367063,""s_ctg"":56660890,""cmb_sel"":0,""cmb"":0,""ff"":false,""ctl_n"":""chicken-manchurian-roll""}",,,,,,,,2,https://b.zmtcdn.com/data/o2_assets/5d4de18a3d402878965275e9f24656951635253564.png,1
Rolls,Chicken Chilli Roll,140,,non-veg,,,non-veg,delivery-enabled,ctl_562856900,140,140,140,140,v_767367278,ctg_38755784,0,False,10,0,0,False,False,available,,0,dish,,,,services,catalogue,,,Rolls,"{""v"":767367278,""s_ctg"":56660890,""cmb_sel"":0,""cmb"":0,""ff"":false,""ctl_n"":""chicken-chilli-roll""}",,,,,,,,2,https://b.zmtcdn.com/data/o2_assets/5d4de18a3d402878965275e9f24656951635253564.png,1
Rolls,Paneer Roll,150,,veg,,,veg,delivery-enabled,ctl_562856625,150,150,150,150,v_767367003,ctg_38755784,0,False,5,0,0,False,False,available,,0,dish,,,,services,catalogue,,,Rolls,"{""v"":767367003,""s_ctg"":56660890,""cmb_sel"":0,""cmb"":0,""ff"":false,""ctl_n"":""paneer-roll""}",,,,,,,,1,https://b.zmtcdn.com/data/o2_assets/958e4cb4a8b255659daae2c430f976ea1608028693.png,1
Rolls,Tandoori Chicken Roll,150,,non-veg,,,non-veg,delivery-enabled,ctl_562856851,150,150,150,150,v_767367229,ctg_38755784,0,False,15,0,0,False,False,available,,0,dish,,,,services,catalogue,,,Rolls,"{""v"":767367229,""s_ctg"":56660890,""cmb_sel"":0,""cmb"":0,""ff"":false,""ctl_n"":""tandoori-chicken-roll""}",,,,,,,,2,https://b.zmtcdn.com/data/o2_assets/5d4de18a3d402878965275e9f24656951635253564.png,1
Rolls,Paneer Tikka Roll,160,,veg,,,veg,delivery-enabled,ctl_562856797,160,160,160,160,v_767367175,ctg_38755784,0,False,6,0,0,False,False,available,,0,dish,,,,services,catalogue,,,Rolls,"{""v"":767367175,""s_ctg"":56660890,""cmb_sel"":0,""cmb"":0,""ff"":false,""ctl_n"":""paneer-tikka-roll""}",,,,,,,,1,https://b.zmtcdn.com/data/o2_assets/958e4cb4a8b255659daae2c430f976ea1608028693.png,1
Rolls,Crispy Chicken Roll,160,,non-veg,,,non-veg,delivery-enabled,ctl_562856837,160,160,160,160,v_767367215,ctg_38755784,0,False,16,0,0,False,False,available,,0,dish,,,,services,catalogue,,,Rolls,"{""v"":767367215,""s_ctg"":56660890,""cmb_sel"":0,""cmb"":0,""ff"":false,""ctl_n"":""crispy-chicken-roll""}",,,,,,,,2,https://b.zmtcdn.com/data/o2_assets/5d4de18a3d402878965275e9f24656951635253564.png,1
Rolls,Veg Quesadilla Roll,170,,veg,,,veg,delivery-enabled,ctl_562856743,170,170,170,170,v_767367121,ctg_38755784,0,False,7,0,0,False,False,available,,0,dish,,,,services,catalogue,,,Rolls,"{""v"":767367121,""s_ctg"":56660890,""cmb_sel"":0,""cmb"":0,""ff"":false,""ctl_n"":""veg-quesadilla-roll""}",,,,,,,,1,https://b.zmtcdn.com/data/o2_assets/958e4cb4a8b255659daae2c430f976ea1608028693.png,1
Rolls,Non Veg Veg Quesadilla Roll,200,,non-veg,,,non-veg,delivery-enabled,ctl_562856702,200,200,200,200,v_767367080,ctg_38755784,0,False,17,0,0,False,False,available,,0,dish,,,,services,catalogue,,,Rolls,"{""v"":767367080,""s_ctg"":56660890,""cmb_sel"":0,""cmb"":0,""ff"":false,""ctl_n"":""non-veg-veg-quesadilla-roll""}",,,,,,,,2,https://b.zmtcdn.com/data/o2_assets/5d4de18a3d402878965275e9f24656951635253564.png,1
Salads,Veg Green Salad,152,,veg,,,veg,delivery-enabled,ctl_562856740,152,152,152,152,v_767367118,ctg_38755777,0,False,1,0,0,False,False,available,,0,dish,,,,services,catalogue,,,Salads,"{""v"":767367118,""s_ctg"":56660879,""cmb_sel"":0,""cmb"":0,""ff"":false,""ctl_n"":""veg-green-salad""}",,,,,,,,1,https://b.zmtcdn.com/data/o2_assets/958e4cb4a8b255659daae2c430f976ea1608028693.png,1
Salads,Veg Mixed Fruit Salad,190,,veg,,,veg,delivery-enabled,ctl_562856903,190,190,190,190,v_767367281,ctg_38755777,0,False,2,0,0,False,False,available,,0,dish,,,,services,catalogue,,,Salads,"{""v"":767367281,""s_ctg"":56660879,""cmb_sel"":0,""cmb"":0,""ff"":false,""ctl_n"":""veg-mixed-fruit-salad""}",,,,,,,,1,https://b.zmtcdn.com/data/o2_assets/958e4cb4a8b255659daae2c430f976ea1608028693.png,1
Salads,Veg Honey Salad,240,,veg,,,veg,delivery-enabled,ctl_562856776,240,240,240,240,v_767367154,ctg_38755777,0,False,3,0,0,False,False,available,,0,dish,,,,services,catalogue,,,Salads,"{""v"":767367154,""s_ctg"":56660879,""cmb_sel"":0,""cmb"":0,""ff"":false,""ctl_n"":""veg-honey-salad""}",,,,,,,,1,https://b.zmtcdn.com/data/o2_assets/958e4cb4a8b255659daae2c430f976ea1608028693.png,1
Salads,Veg Balsamic Vinegar Salad,240,,veg,,,veg,delivery-enabled,ctl_562856877,240,240,240,240,v_767367255,ctg_38755777,0,False,4,0,0,False,False,available,,0,dish,,,,services,catalogue,,,Salads,"{""v"":767367255,""s_ctg"":56660879,""cmb_sel"":0,""cmb"":0,""ff"":false,""ctl_n"":""veg-balsamic-vinegar-salad""}",,,,,,,,1,https://b.zmtcdn.com/data/o2_assets/958e4cb4a8b255659daae2c430f976ea1608028693.png,1
Salads,Non Veg Honey Salad,290,,non-veg,,,non-veg,delivery-enabled,ctl_562856675,290,290,290,290,v_767367053,ctg_38755777,0,False,5,0,0,False,False,available,,0,dish,,,,services,catalogue,,,Salads,"{""v"":767367053,""s_ctg"":56660879,""cmb_sel"":0,""cmb"":0,""ff"":false,""ctl_n"":""non-veg-honey-salad""}",,,,,,,,2,https://b.zmtcdn.com/data/o2_assets/5d4de18a3d402878965275e9f24656951635253564.png,1
Salads,Non Veg Balsamic Vinegar Salad,290,,non-veg,,,non-veg,delivery-enabled,ctl_562856887,290,290,290,290,v_767367265,ctg_38755777,0,False,6,0,0,False,False,available,,0,dish,,,,services,catalogue,,,Salads,"{""v"":767367265,""s_ctg"":56660879,""cmb_sel"":0,""cmb"":0,""ff"":false,""ctl_n"":""non-veg-balsamic-vinegar-salad""}",,,,,,,,2,https://b.zmtcdn.com/data/o2_assets/5d4de18a3d402878965275e9f24656951635253564.png,1
Salads,Grilled Chicken Salad,290,,non-veg,3.47000003,7 votes,non-veg,delivery-enabled,ctl_562856888,290,290,290,290,v_767367266,ctg_38755777,0,False,7,0,0,False,False,available,,0,dish,,,,services,catalogue,,,Salads,"{""v"":767367266,""s_ctg"":56660879,""cmb_sel"":0,""cmb"":0,""ff"":false,""ctl_n"":""grilled-chicken-salad""}",,,,,,,,2,https://b.zmtcdn.com/data/o2_assets/5d4de18a3d402878965275e9f24656951635253564.png,1
Salads,Shredded Chicken Salad,290,,non-veg,,,non-veg,delivery-enabled,ctl_562856914,290,290,290,290,v_767367292,ctg_38755777,0,False,8,0,0,False,False,available,,0,dish,,,,services,catalogue,,,Salads,"{""v"":767367292,""s_ctg"":56660879,""cmb_sel"":0,""cmb"":0,""ff"":false,""ctl_n"":""shredded-chicken-salad""}",,,,,,,,2,https://b.zmtcdn.com/data/o2_assets/5d4de18a3d402878965275e9f24656951635253564.png,1
Snacks,Bread Omelette,60,,egg,,,egg,delivery-enabled,ctl_562856795,60,60,60,60,v_767367173,ctg_38755782,0,False,10,0,0,False,False,available,,0,dish,,,,services,catalogue,,,Snacks,"{""v"":767367173,""s_ctg"":56660888,""cmb_sel"":0,""cmb"":0,""ff"":false,""ctl_n"":""bread-omelette""}",,,,,,,,24,https://b.zmtcdn.com/data/o2_assets/5d4de18a3d402878965275e9f24656951635253564.png,1
Snacks,Cheese Omelette,75,,egg,,,egg,delivery-enabled,ctl_562856998,75,75,75,75,v_767367376,ctg_38755782,0,False,11,0,0,False,False,available,,0,dish,,,,services,catalogue,,,Snacks,"{""v"":767367376,""s_ctg"":56660888,""cmb_sel"":0,""cmb"":0,""ff"":false,""ctl_n"":""cheese-omelette""}",,,,,,,,24,https://b.zmtcdn.com/data/o2_assets/5d4de18a3d402878965275e9f24656951635253564.png,1
Snacks,Peanut Butter Toast,90,,veg,,,veg,delivery-enabled,ctl_562856717,90,90,90,90,v_767367095,ctg_38755782,0,False,8,0,0,False,False,available,,0,dish,,,,services,catalogue,,,Snacks,"{""v"":767367095,""s_ctg"":56660888,""cmb_sel"":0,""cmb"":0,""ff"":false,""ctl_n"":""peanut-butter-toast""}",,,,,,,,1,https://b.zmtcdn.com/data/o2_assets/958e4cb4a8b255659daae2c430f976ea1608028693.png,1
Snacks,Nutella Tost,99,,veg,,,veg,delivery-enabled,ctl_562856986,99,99,99,99,v_767367364,ctg_38755782,0,False,9,0,0,False,False,available,,0,dish,,,,services,catalogue,,,Snacks,"{""v"":767367364,""s_ctg"":56660888,""cmb_sel"":0,""cmb"":0,""ff"":false,""ctl_n"":""nutella-tost""}",,,,,,,,1,https://b.zmtcdn.com/data/o2_assets/958e4cb4a8b255659daae2c430f976ea1608028693.png,1
Snacks,Original Fries,130,,veg,4.26000023,5 votes,veg,delivery-enabled,ctl_562856681,130,130,130,130,v_767367059,ctg_38755782,0,False,1,0,0,False,False,available,,0,dish,,,,services,catalogue,,,Snacks,"{""v"":767367059,""s_ctg"":56660888,""cmb_sel"":0,""cmb"":0,""ff"":false,""ctl_n"":""original-fries""}",,,,,,,,1,https://b.zmtcdn.com/data/o2_assets/958e4cb4a8b255659daae2c430f976ea1608028693.png,1
Snacks,Kurkure Fries,140,,veg,,,veg,delivery-enabled,ctl_562856640,140,140,140,140,v_767367018,ctg_38755782,0,False,2,0,0,False,False,available,,0,dish,,,,services,catalogue,,,Snacks,"{""v"":767367018,""s_ctg"":56660888,""cmb_sel"":0,""cmb"":0,""ff"":false,""ctl_n"":""kurkure-fries""}",,,,,,,,1,https://b.zmtcdn.com/data/o2_assets/958e4cb4a8b255659daae2c430f976ea1608028693.png,1
Snacks,Peri Peri Fries,140,,veg,4.57999992,6 votes,veg,delivery-enabled,ctl_562856874,140,140,140,140,v_767367252,ctg_38755782,0,False,3,0,0,False,False,available,,0,dish,,,,services,catalogue,,,Snacks,"{""v"":767367252,""s_ctg"":56660888,""cmb_sel"":0,""cmb"":0,""ff"":false,""ctl_n"":""peri-peri-fries""}",,,,,,,,1,https://b.zmtcdn.com/data/o2_assets/958e4cb4a8b255659daae2c430f976ea1608028693.png,1
Snacks,Pepper Lime Fries,140,,veg,,,veg,delivery-enabled,ctl_562856778,140,140,140,140,v_767367156,ctg_38755782,0,False,4,0,0,False,False,available,,0,dish,,,,services,catalogue,,,Snacks,"{""v"":767367156,""s_ctg"":56660888,""cmb_sel"":0,""cmb"":0,""ff"":false,""ctl_n"":""pepper-lime-fries""}",,,,,,,,1,https://b.zmtcdn.com/data/o2_assets/958e4cb4a8b255659daae2c430f976ea1608028693.png,1
Snacks,Original Cheesy Fries,160,,veg,,,veg,delivery-enabled,ctl_562856968,160,160,160,160,v_767367346,ctg_38755782,0,False,5,0,0,False,False,available,,0,dish,,,,services,catalogue,,,Snacks,"{""v"":767367346,""s_ctg"":56660888,""cmb_sel"":0,""cmb"":0,""ff"":false,""ctl_n"":""original-cheesy-fries""}",,,,,,,,1,https://b.zmtcdn.com/data/o2_assets/958e4cb4a8b255659daae2c430f976ea1608028693.png,1
Snacks,Peri Peri Cheese Fries,170,,veg,,,veg,delivery-enabled,ctl_562856971,170,170,170,170,v_767367349,ctg_38755782,0,False,6,0,0,False,False,available,,0,dish,,,,services,catalogue,,,Snacks,"{""v"":767367349,""s_ctg"":56660888,""cmb_sel"":0,""cmb"":0,""ff"":false,""ctl_n"":""peri-peri-cheese-fries""}",,,,,,,,1,https://b.zmtcdn.com/data/o2_assets/958e4cb4a8b255659daae2c430f976ea1608028693.png,1
Snacks,Kurkure Cheese Fries,170,,veg,,,veg,delivery-enabled,ctl_562856728,170,170,170,170,v_767367106,ctg_38755782,0,False,7,0,0,False,False,available,,0,dish,,,,services,catalogue,,,Snacks,"{""v"":767367106,""s_ctg"":56660888,""cmb_sel"":0,""cmb"":0,""ff"":false,""ctl_n"":""kurkure-cheese-fries""}",,,,,,,,1,https://b.zmtcdn.com/data/o2_assets/958e4cb4a8b255659daae2c430f976ea1608028693.png,1
Snacks,Chicken Loaded Fries,230,,non-veg,4.3499999,6 votes,non-veg,delivery-enabled,ctl_562856939,230,230,230,230,v_767367317,ctg_38755782,0,False,12,0,0,False,False,available,,0,dish,,,,services,catalogue,,,Snacks,"{""v"":767367317,""s_ctg"":56660888,""cmb_sel"":0,""cmb"":0,""ff"":false,""ctl_n"":""chicken-loaded-fries""}",,,,,,,,2,https://b.zmtcdn.com/data/o2_assets/5d4de18a3d402878965275e9f24656951635253564.png,1
Snacks,Peri Peri Chicken Loaded Fries,240,,non-veg,4.63000011,6 votes,non-veg,delivery-enabled,ctl_562856961,240,240,240,240,v_767367339,ctg_38755782,0,False,13,0,0,False,False,available,,0,dish,,,,services,catalogue,,,Snacks,"{""v"":767367339,""s_ctg"":56660888,""cmb_sel"":0,""cmb"":0,""ff"":false,""ctl_n"":""peri-peri-chicken-loaded-fries""}",,,,,,,,2,https://b.zmtcdn.com/data/o2_assets/5d4de18a3d402878965275e9f24656951635253564.png,1
Starters,Hong Kong Chicken,170,,non-veg,,,non-veg,delivery-enabled,ctl_562856996,170,170,170,170,v_767367374,ctg_38755778,0,False,2,0,0,False,False,available,,0,dish,,,,services,catalogue,,,Starters,"{""v"":767367374,""s_ctg"":56660881,""cmb_sel"":0,""cmb"":0,""ff"":false,""ctl_n"":""hong-kong-chicken""}",,,,,,,,2,https://b.zmtcdn.com/data/o2_assets/5d4de18a3d402878965275e9f24656951635253564.png,1
Starters,Chilli Chicken,175,,non-veg,,,non-veg,delivery-enabled,ctl_562856839,175,175,175,175,v_767367217,ctg_38755778,0,False,3,0,0,False,False,available,,0,dish,,,,services,catalogue,,,Starters,"{""v"":767367217,""s_ctg"":56660881,""cmb_sel"":0,""cmb"":0,""ff"":false,""ctl_n"":""chilli-chicken""}",,,,,,,,2,https://b.zmtcdn.com/data/o2_assets/5d4de18a3d402878965275e9f24656951635253564.png,1
Starters,Lemon Chicken,175,,non-veg,,,non-veg,delivery-enabled,ctl_562856985,175,175,175,175,v_767367363,ctg_38755778,0,False,4,0,0,False,False,available,,0,dish,,,,services,catalogue,,,Starters,"{""v"":767367363,""s_ctg"":56660881,""cmb_sel"":0,""cmb"":0,""ff"":false,""ctl_n"":""lemon-chicken""}",,,,,,,,2,https://b.zmtcdn.com/data/o2_assets/5d4de18a3d402878965275e9f24656951635253564.png,1
Starters,Honey Chilli Chicken,180,,non-veg,,,non-veg,delivery-enabled,ctl_562856692,180,180,180,180,v_767367070,ctg_38755778,0,False,5,0,0,False,False,available,,0,dish,,,,services,catalogue,,,Starters,"{""v"":767367070,""s_ctg"":56660881,""cmb_sel"":0,""cmb"":0,""ff"":false,""ctl_n"":""honey-chilli-chicken""}",,,,,,,,2,https://b.zmtcdn.com/data/o2_assets/5d4de18a3d402878965275e9f24656951635253564.png,1
Starters,Honey Chilli Potato,180,,veg,,,veg,delivery-enabled,ctl_562856721,180,180,180,180,v_767367099,ctg_38755778,0,False,6,0,0,False,False,available,,0,dish,,,,services,catalogue,,,Starters,"{""v"":767367099,""s_ctg"":56660880,""cmb_sel"":0,""cmb"":0,""ff"":false,""ctl_n"":""honey-chilli-potato""}",,,,,,,,1,https://b.zmtcdn.com/data/o2_assets/958e4cb4a8b255659daae2c430f976ea1608028693.png,1
Starters,Pepper Chicken,185,,non-veg,,,non-veg,delivery-enabled,ctl_562856777,185,185,185,185,v_767367155,ctg_38755778,0,False,6,0,0,False,False,available,,0,dish,,,,services,catalogue,,,Starters,"{""v"":767367155,""s_ctg"":56660881,""cmb_sel"":0,""cmb"":0,""ff"":false,""ctl_n"":""pepper-chicken""}",,,,,,,,2,https://b.zmtcdn.com/data/o2_assets/5d4de18a3d402878965275e9f24656951635253564.png,1
Starters,Chicken Manchurian,185,Continental white sauce manchurian.,non-veg,,,non-veg,delivery-enabled,ctl_562856922,185,185,185,185,v_767367300,ctg_38755778,0,False,7,0,0,False,False,available,,0,dish,,,,services,catalogue,,,Starters,"{""v"":767367300,""s_ctg"":56660881,""cmb_sel"":0,""cmb"":0,""ff"":false,""ctl_n"":""chicken-manchurian""}",,,,,,,,2,https://b.zmtcdn.com/data/o2_assets/5d4de18a3d402878965275e9f24656951635253564.png,1
Starters,Chicken Lollipop Dry,185,,non-veg,,,non-veg,delivery-enabled,ctl_562856638,185,185,185,185,v_767367016,ctg_38755778,0,False,11,0,0,False,False,available,,0,dish,,,,services,catalogue,,,Starters,"{""v"":767367016,""s_ctg"":56660881,""cmb_sel"":0,""cmb"":0,""ff"":false,""ctl_n"":""chicken-lollipop-dry""}",,,,,,,,2,https://b.zmtcdn.com/data/o2_assets/5d4de18a3d402878965275e9f24656951635253564.png,1
Starters,Dragon Chicken,190,,non-veg,3.79999995,5 votes,non-veg,delivery-enabled,ctl_562856815,190,190,190,190,v_767367193,ctg_38755778,0,False,8,0,0,False,False,available,,0,dish,,,,services,catalogue,,,Starters,"{""v"":767367193,""s_ctg"":56660881,""cmb_sel"":0,""cmb"":0,""ff"":false,""ctl_n"":""dragon-chicken""}",,,,,,,,2,https://b.zmtcdn.com/data/o2_assets/5d4de18a3d402878965275e9f24656951635253564.png,1
Starters,Chicken Barbeque Wings,190,,non-veg,,,non-veg,delivery-enabled,ctl_562856631,190,190,190,190,v_767367009,ctg_38755778,0,False,9,0,0,False,False,available,,0,dish,,,,services,catalogue,,,Starters,"{""v"":767367009,""s_ctg"":56660881,""cmb_sel"":0,""cmb"":0,""ff"":false,""ctl_n"":""chicken-barbeque-wings""}",,,,,,,,2,https://b.zmtcdn.com/data/o2_assets/5d4de18a3d402878965275e9f24656951635253564.png,1
Starters,Chicken Piri Piri Wings,190,,non-veg,,,non-veg,delivery-enabled,ctl_562856835,190,190,190,190,v_767367213,ctg_38755778,0,False,10,0,0,False,False,available,,0,dish,,,,services,catalogue,,,Starters,"{""v"":767367213,""s_ctg"":56660881,""cmb_sel"":0,""cmb"":0,""ff"":false,""ctl_n"":""chicken-piri-piri-wings""}",,,,,,,,2,https://b.zmtcdn.com/data/o2_assets/5d4de18a3d402878965275e9f24656951635253564.png,1
Starters,Gobi Manchurian,190,,veg,,,veg,delivery-enabled,ctl_562856753,190,190,190,190,v_767367131,ctg_38755778,0,False,1,0,0,False,False,available,,0,dish,,,,services,catalogue,,,Starters,"{""v"":767367131,""s_ctg"":56660880,""cmb_sel"":0,""cmb"":0,""ff"":false,""ctl_n"":""gobi-manchurian""}",,,,,,,,1,https://b.zmtcdn.com/data/o2_assets/958e4cb4a8b255659daae2c430f976ea1608028693.png,1
Starters,Veg Chilli,190,,veg,,,veg,delivery-enabled,ctl_562856652,190,190,190,190,v_767367030,ctg_38755778,0,False,2,0,0,False,False,available,,0,dish,,,,services,catalogue,,,Starters,"{""v"":767367030,""s_ctg"":56660880,""cmb_sel"":0,""cmb"":0,""ff"":false,""ctl_n"":""veg-chilli""}",,,,,,,,1,https://b.zmtcdn.com/data/o2_assets/958e4cb4a8b255659daae2c430f976ea1608028693.png,1
Starters,Baby Corn Chilli,190,,veg,,,veg,delivery-enabled,ctl_562856915,190,190,190,190,v_767367293,ctg_38755778,0,False,3,0,0,False,False,available,,0,dish,,,,services,catalogue,,,Starters,"{""v"":767367293,""s_ctg"":56660880,""cmb_sel"":0,""cmb"":0,""ff"":false,""ctl_n"":""baby-corn-chilli""}",,,,,,,,1,https://b.zmtcdn.com/data/o2_assets/958e4cb4a8b255659daae2c430f976ea1608028693.png,1
Starters,Baby Corn Schezwan,190,,veg,,,veg,delivery-enabled,ctl_562856823,190,190,190,190,v_767367201,ctg_38755778,0,False,4,0,0,False,False,available,,0,dish,,,,services,catalogue,,,Starters,"{""v"":767367201,""s_ctg"":56660880,""cmb_sel"":0,""cmb"":0,""ff"":false,""ctl_n"":""baby-corn-schezwan""}",,,,,,,,1,https://b.zmtcdn.com/data/o2_assets/958e4cb4a8b255659daae2c430f976ea1608028693.png,1
Starters,Baby Corn Manchurian,190,,veg,,,veg,delivery-enabled,ctl_562856637,190,190,190,190,v_767367015,ctg_38755778,0,False,5,0,0,False,False,available,,0,dish,,,,services,catalogue,,,Starters,"{""v"":767367015,""s_ctg"":56660880,""cmb_sel"":0,""cmb"":0,""ff"":false,""ctl_n"":""baby-corn-manchurian""}",,,,,,,,1,https://b.zmtcdn.com/data/o2_assets/958e4cb4a8b255659daae2c430f976ea1608028693.png,1
Starters,Chicken Chilli Lollipop,200,,non-veg,,,non-veg,delivery-enabled,ctl_562856622,200,200,200,200,v_767367000,ctg_38755778,0,False,12,0,0,False,False,available,,0,dish,,,,services,catalogue,,,Starters,"{""v"":767367000,""s_ctg"":56660881,""cmb_sel"":0,""cmb"":0,""ff"":false,""ctl_n"":""chicken-chilli-lollipop""}",,,,,,,,2,https://b.zmtcdn.com/data/o2_assets/5d4de18a3d402878965275e9f24656951635253564.png,1
Starters,Chicken Satay,202,,non-veg,,,non-veg,delivery-enabled,ctl_562856984,202,202,202,202,v_767367362,ctg_38755778,0,False,1,0,0,False,False,available,,0,dish,,,,services,catalogue,,,Starters,"{""v"":767367362,""s_ctg"":56660881,""cmb_sel"":0,""cmb"":0,""ff"":false,""ctl_n"":""chicken-satay""}",,,,,,,,2,https://b.zmtcdn.com/data/o2_assets/5d4de18a3d402878965275e9f24656951635253564.png,1
Starters,Mushroom Chilli,202,,veg,,,veg,delivery-enabled,ctl_562856995,202,202,202,202,v_767367373,ctg_38755778,0,False,7,0,0,False,False,available,,0,dish,,,,services,catalogue,,,Starters,"{""v"":767367373,""s_ctg"":56660880,""cmb_sel"":0,""cmb"":0,""ff"":false,""ctl_n"":""mushroom-chilli""}",,,,,,,,1,https://b.zmtcdn.com/data/o2_assets/958e4cb4a8b255659daae2c430f976ea1608028693.png,1
Starters,Mushroom Schezwan,202,,veg,,,veg,delivery-enabled,ctl_562856843,202,202,202,202,v_767367221,ctg_38755778,0,False,8,0,0,False,False,available,,0,dish,,,,services,catalogue,,,Starters,"{""v"":767367221,""s_ctg"":56660880,""cmb_sel"":0,""cmb"":0,""ff"":false,""ctl_n"":""mushroom-schezwan""}",,,,,,,,1,https://b.zmtcdn.com/data/o2_assets/958e4cb4a8b255659daae2c430f976ea1608028693.png,1
Starters,Mushroom Manchurian,202,,veg,,,veg,delivery-enabled,ctl_562856630,202,202,202,202,v_767367008,ctg_38755778,0,False,9,0,0,False,False,available,,0,dish,,,,services,catalogue,,,Starters,"{""v"":767367008,""s_ctg"":56660880,""cmb_sel"":0,""cmb"":0,""ff"":false,""ctl_n"":""mushroom-manchurian""}",,,,,,,,1,https://b.zmtcdn.com/data/o2_assets/958e4cb4a8b255659daae2c430f976ea1608028693.png,1
Starters,Drums of Heaven,220,,non-veg,,,non-veg,delivery-enabled,ctl_562856663,220,220,220,220,v_767367041,ctg_38755778,0,False,13,0,0,False,False,available,,0,dish,,,,services,catalogue,,,Starters,"{""v"":767367041,""s_ctg"":56660881,""cmb_sel"":0,""cmb"":0,""ff"":false,""ctl_n"":""drums-of-heaven""}",,,,,,,,2,https://b.zmtcdn.com/data/o2_assets/5d4de18a3d402878965275e9f24656951635253564.png,1
Starters,Paneer Chilli,227,,veg,,,veg,delivery-enabled,ctl_562856645,227,227,227,227,v_767367023,ctg_38755778,0,False,10,0,0,False,False,available,,0,dish,,,,services,catalogue,,,Starters,"{""v"":767367023,""s_ctg"":56660880,""cmb_sel"":0,""cmb"":0,""ff"":false,""ctl_n"":""paneer-chilli""}",,,,,,,,1,https://b.zmtcdn.com/data/o2_assets/958e4cb4a8b255659daae2c430f976ea1608028693.png,1
Starters,Paneer Schzewan,227,,veg,,,veg,delivery-enabled,ctl_562856834,227,227,227,227,v_767367212,ctg_38755778,0,False,11,0,0,False,False,available,,0,dish,,,,services,catalogue,,,Starters,"{""v"":767367212,""s_ctg"":56660880,""cmb_sel"":0,""cmb"":0,""ff"":false,""ctl_n"":""paneer-schzewan""}",,,,,,,,1,https://b.zmtcdn.com/data/o2_assets/958e4cb4a8b255659daae2c430f976ea1608028693.png,1
Starters,Paneer Manchurian,227,,veg,,,veg,delivery-enabled,ctl_562856668,227,227,227,227,v_767367046,ctg_38755778,0,False,12,0,0,False,False,available,,0,dish,,,,services,catalogue,,,Starters,"{""v"":767367046,""s_ctg"":56660880,""cmb_sel"":0,""cmb"":0,""ff"":false,""ctl_n"":""paneer-manchurian""}",,,,,,,,1,https://b.zmtcdn.com/data/o2_assets/958e4cb4a8b255659daae2c430f976ea1608028693.png,1
Waffles,Oreo Waffle,180,,egg,,,egg,delivery-enabled,ctl_570695337,180,180,180,180,v_777982919,ctg_39444782,0,False,1,0,0,False,False,available,,0,dish,,,,services,catalogue,,,Waffles,"{""v"":777982919,""s_ctg"":57590503,""cmb_sel"":0,""cmb"":0,""ff"":false,""ctl_n"":""oreo-waffle""}",,,,,,,,24,https://b.zmtcdn.com/data/o2_assets/5d4de18a3d402878965275e9f24656951635253564.png,1
Waffles,KitKat Waffle,180,,egg,,,egg,delivery-enabled,ctl_573199367,180,180,180,180,v_781383724,ctg_39444782,0,False,2,0,0,False,False,available,,0,dish,,,,dessert,catalogue,,,Waffles,"{""v"":781383724,""s_ctg"":57590503,""cmb_sel"":0,""cmb"":0,""ff"":false,""ctl_n"":""kitkat-waffle""}",,,,,,,,24,https://b.zmtcdn.com/data/o2_assets/5d4de18a3d402878965275e9f24656951635253564.png,1
Waffles,Nutella Waffle,180,,egg,3.21000004,7 votes,egg,delivery-enabled,ctl_573199368,180,180,180,180,v_781383725,ctg_39444782,0,False,3,0,0,False,False,available,,0,dish,,,,dessert,catalogue,,,Waffles,"{""v"":781383725,""s_ctg"":57590503,""cmb_sel"":0,""cmb"":0,""ff"":false,""ctl_n"":""nutella-waffle""}",,,,,,,,24,https://b.zmtcdn.com/data/o2_assets/5d4de18a3d402878965275e9f24656951635253564.png,1
Waffles,Snickers Waffle,180,,egg,,,egg,delivery-enabled,ctl_573199369,180,180,180,180,v_781383726,ctg_39444782,0,False,4,0,0,False,False,available,,0,dish,,,,dessert,catalogue,,,Waffles,"{""v"":781383726,""s_ctg"":57590503,""cmb_sel"":0,""cmb"":0,""ff"":false,""ctl_n"":""snickers-waffle""}",,,,,,,,24,https://b.zmtcdn.com/data/o2_assets/5d4de18a3d402878965275e9f24656951635253564.png,1
