category,item_name,price,desc,dietary_slugs,rating_value,rating_total_rating_text,tag_slugs,service_slugs,id,min_price,max_price,default_price,display_price,variant_id,parent_menu_id,image_url,image_thumb_url,always_show_on_checkout,is_bogo_active,order,auto_add,auto_add_quantity,show_image,visible,state,free_dish_quantity,type,added_bottom_text_field,not_added_bottom_text_field,disabled_text,secondary_tag_slugs,entity_type,primary_tag_slug,food_legends,search_alias,metadata,added_bottom_text,not_added_bottom_text,not_added_bottom_text_color,remove_popup_text,auto_add_toast_message,auto_already_added_toast_message,remove_popup_title,vendor_id,tag_ids,tag_image,hide_in_meals_menu,rating,serving_info,modifier_group_ids,enable_customisation_on_cart,customisation_tracking_metadata
Day Special,Chicken Roast,390.0,5 Pieces of chicken with bone are coated in our special andra spice blend and finished in a pan with a lot of green chilies. It is pretty spicy.,non-veg,,,non-veg,delivery-enabled,ctl_261192834,390.0,390.0,390.0,390.0,v_329570232,ctg_18565133,https://b.zmtcdn.com/data/dish_photos/780/63fc07af14f64e7071fb9fe8282a3780.jpg,https://b.zmtcdn.com/data/dish_photos/780/63fc07af14f64e7071fb9fe8282a3780.jpg?fit=around%7C200%3A200&crop=200%3A200%3B%2A%2C%2A,0,False,4,0,0,True,False,available,0,dish,,,,services,catalogue,,,Day Special,"{""v"":329570232,""s_ctg"":28223455,""cmb_sel"":0,""cmb"":0,""ff"":false,""ctl_n"":""chicken-roast""}",,,,,,,,130,2,https://b.zmtcdn.com/data/o2_assets/5d4de18a3d402878965275e9f24656951635253564.png,1,,,,,
Drinks (Beverages),Fresh Lime,0.0,,veg,4.30000019,43 votes,veg,delivery-enabled,ctl_577350212,65.0,65.0,65.0,65.0,,ctg_15575035,https://b.zmtcdn.com/data/dish_photos/45b/f3d4cccbebf35cb4e220482ae5bc445b.jpeg,https://b.zmtcdn.com/data/dish_photos/45b/f3d4cccbebf35cb4e220482ae5bc445b.jpeg?fit=around%7C200%3A200&crop=200%3A200%3B%2A%2C%2A,0,False,11,0,0,True,False,available,0,dish,,,,services,catalogue,,,Drinks (Beverages),"{""v"":0,""s_ctg"":23860818,""cmb_sel"":0,""cmb"":0,""ff"":false,""ctl_n"":""fresh-lime""}",,,,,,,,G82,1,https://b.zmtcdn.com/data/o2_assets/958e4cb4a8b255659daae2c430f976ea1608028693.png,1,,,,False,"{""exp_no"":1,""default_v_price"":65,""lowest_v_price"":65,""highest_v_price"":65,""total_mgs"":-1,""total_v_count"":1,""properties"":1}"
Drinks (Beverages),Lassi,0.0,,veg,4.51000023,11 votes,veg,delivery-enabled,ctl_577350213,99.0,99.0,99.0,99.0,,ctg_15575035,,,0,False,13,0,0,False,False,available,0,dish,,,,services,catalogue,,,Drinks (Beverages),"{""v"":0,""s_ctg"":23860818,""cmb_sel"":0,""cmb"":0,""ff"":false,""ctl_n"":""lassi""}",,,,,,,,G86,1,https://b.zmtcdn.com/data/o2_assets/958e4cb4a8b255659daae2c430f976ea1608028693.png,1,,,,False,"{""exp_no"":1,""default_v_price"":99,""lowest_v_price"":99,""highest_v_price"":99,""total_mgs"":-1,""total_v_count"":2,""properties"":1}"
Drinks (Beverages),500 Ml Water Bottle,9.55,,veg,3.83999991,16 votes,veg,delivery-enabled,ctl_531533763,9.55,9.55,9.55,9.55,v_722701961,ctg_15575035,,,0,False,9,0,0,False,False,available,0,dish,,,,services,catalogue,,,Drinks (Beverages),"{""v"":722701961,""s_ctg"":23860818,""cmb_sel"":0,""cmb"":0,""ff"":false,""ctl_n"":""500-ml-water-bottle""}",,,,,,,,177,1,https://b.zmtcdn.com/data/o2_assets/958e4cb4a8b255659daae2c430f976ea1608028693.png,1,,,,,
Drinks (Beverages),Buttermilk,55.0,,veg,4.46000004,29 votes,veg,delivery-enabled,ctl_577350198,55.0,55.0,55.0,55.0,v_786758238,ctg_15575035,,,0,False,10,0,0,False,False,available,0,dish,,,,services,catalogue,,,Drinks (Beverages),"{""v"":786758238,""s_ctg"":23860818,""cmb_sel"":0,""cmb"":0,""ff"":false,""ctl_n"":""buttermilk""}",,,,,,,,85,1,https://b.zmtcdn.com/data/o2_assets/958e4cb4a8b255659daae2c430f976ea1608028693.png,1,,,,,
Drinks (Beverages),Coke Tin 330 ML,66.66,,veg,4.4000001,30 votes,veg,delivery-enabled,ctl_458454463,66.66,66.66,66.66,66.66,v_566541270,ctg_15575035,https://b.zmtcdn.com/data/dish_photos/f68/76bedc190283458f2eeebeeac817af68.jpeg,https://b.zmtcdn.com/data/dish_photos/f68/76bedc190283458f2eeebeeac817af68.jpeg?fit=around%7C200%3A200&crop=200%3A200%3B%2A%2C%2A,0,False,2,0,0,True,False,available,0,dish,,,,coke,catalogue,,,Drinks (Beverages),"{""v"":566541270,""s_ctg"":23860818,""cmb_sel"":0,""cmb"":0,""ff"":false,""ctl_n"":""coke-tin-330-ml""}",,,,,,,,343,"1,19,61,62,63",https://b.zmtcdn.com/images/coke_logo_small.png,1,,,,,
Drinks (Beverages),Thums Up Tin 330 ML,66.66,,veg,4.38000011,32 votes,veg,delivery-enabled,ctl_466461836,66.66,66.66,66.66,66.66,v_576170623,ctg_15575035,https://b.zmtcdn.com/data/dish_photos/6e0/30d72d1352f2704b236db750e10d76e0.jpeg,https://b.zmtcdn.com/data/dish_photos/6e0/30d72d1352f2704b236db750e10d76e0.jpeg?fit=around%7C200%3A200&crop=200%3A200%3B%2A%2C%2A,0,False,3,0,0,True,False,available,0,dish,,,,thums-up,catalogue,,,Drinks (Beverages),"{""v"":576170623,""s_ctg"":23860818,""cmb_sel"":0,""cmb"":0,""ff"":false,""ctl_n"":""thums-up-tin-330-ml""}",,,,,,,,345,"1,33,61,62,63",https://b.zmtcdn.com/images/thumsup_logo_small.png,1,,,,,
Drinks (Beverages),Sprite Tin 330 ML,66.66,,veg,4.38999987,11 votes,veg,delivery-enabled,ctl_466463396,66.66,66.66,66.66,66.66,v_576172537,ctg_15575035,https://b.zmtcdn.com/data/dish_photos/385/c9e82823dd6e4ef097950281ad879385.jpeg,https://b.zmtcdn.com/data/dish_photos/385/c9e82823dd6e4ef097950281ad879385.jpeg?fit=around%7C200%3A200&crop=200%3A200%3B%2A%2C%2A,0,False,4,0,0,True,False,available,0,dish,,,,sprite,catalogue,,,Drinks (Beverages),"{""v"":576172537,""s_ctg"":23860818,""cmb_sel"":0,""cmb"":0,""ff"":false,""ctl_n"":""sprite-tin-330-ml""}",,,,,,,,346,"1,34,61,62,63",https://b.zmtcdn.com/images/sprite_logo_small.png,1,,,,,
Drinks (Beverages),Blue Lime Juice,75.0,,veg,3.8900001,21 votes,veg,delivery-enabled,ctl_577350209,75.0,75.0,75.0,75.0,v_786758249,ctg_15575035,https://b.zmtcdn.com/data/dish_photos/641/8e65e1bb7c875604508c7ab25bcab641.jpeg,https://b.zmtcdn.com/data/dish_photos/641/8e65e1bb7c875604508c7ab25bcab641.jpeg?fit=around%7C200%3A200&crop=200%3A200%3B%2A%2C%2A,0,False,12,0,0,True,False,available,0,dish,,,,services,catalogue,,,Drinks (Beverages),"{""v"":786758249,""s_ctg"":23860818,""cmb_sel"":0,""cmb"":0,""ff"":false,""ctl_n"":""blue-lime-juice""}",,,,,,,,362,1,https://b.zmtcdn.com/data/o2_assets/958e4cb4a8b255659daae2c430f976ea1608028693.png,1,,,,,
Drinks (Beverages),Mint Lime Juice,75.0,,veg,4.19000006,13 votes,veg,delivery-enabled,ctl_577350210,75.0,75.0,75.0,75.0,v_786758250,ctg_15575035,,,0,False,18,0,0,False,False,available,0,dish,,,,services,catalogue,,,Drinks (Beverages),"{""v"":786758250,""s_ctg"":23860818,""cmb_sel"":0,""cmb"":0,""ff"":false,""ctl_n"":""mint-lime-juice""}",,,,,,,,363,1,https://b.zmtcdn.com/data/o2_assets/958e4cb4a8b255659daae2c430f976ea1608028693.png,1,,,,,
Drinks (Beverages),Meghana Sarbath,110.0,,veg,,,veg,delivery-enabled,ctl_577350206,110.0,110.0,110.0,110.0,v_786758246,ctg_15575035,,,0,False,19,0,0,False,False,available,0,dish,,,,services,catalogue,,,Drinks (Beverages),"{""v"":786758246,""s_ctg"":23860818,""cmb_sel"":0,""cmb"":0,""ff"":false,""ctl_n"":""meghana-sarbath""}",,,,,,,,359,1,https://b.zmtcdn.com/data/o2_assets/958e4cb4a8b255659daae2c430f976ea1608028693.png,1,,,,,
Drinks (Beverages),Arabian Grape,115.0,,veg,4.51999998,18 votes,veg,delivery-enabled,ctl_577350199,115.0,115.0,115.0,115.0,v_786758239,ctg_15575035,,,0,False,14,0,0,False,False,available,0,dish,,,,services,catalogue,,,Drinks (Beverages),"{""v"":786758239,""s_ctg"":23860818,""cmb_sel"":0,""cmb"":0,""ff"":false,""ctl_n"":""arabian-grape""}",,,,,,,,277,1,https://b.zmtcdn.com/data/o2_assets/958e4cb4a8b255659daae2c430f976ea1608028693.png,1,,,,,
Drinks (Beverages),Mango Lassi,129.0,,veg,3.96000004,10 votes,veg,delivery-enabled,ctl_577350203,129.0,129.0,129.0,129.0,v_786758243,ctg_15575035,,,0,False,20,0,0,False,False,available,0,dish,,,,services,catalogue,,,Drinks (Beverages),"{""v"":786758243,""s_ctg"":23860818,""cmb_sel"":0,""cmb"":0,""ff"":false,""ctl_n"":""mango-lassi""}",,,,,,,,356,1,https://b.zmtcdn.com/data/o2_assets/958e4cb4a8b255659daae2c430f976ea1608028693.png,1,,,,,
Drinks (Beverages),Meghana Special Lassi,129.0,,veg,4.17000008,38 votes,veg,delivery-enabled,ctl_577350211,129.0,129.0,129.0,129.0,v_786758251,ctg_15575035,https://b.zmtcdn.com/data/dish_photos/e25/9f59af5543d3fd9c2bf4c0df0dc81e25.jpeg,https://b.zmtcdn.com/data/dish_photos/e25/9f59af5543d3fd9c2bf4c0df0dc81e25.jpeg?fit=around%7C200%3A200&crop=200%3A200%3B%2A%2C%2A,0,False,21,0,0,True,False,available,0,dish,,,,services,catalogue,,,Drinks (Beverages),"{""v"":786758251,""s_ctg"":23860818,""cmb_sel"":0,""cmb"":0,""ff"":false,""ctl_n"":""meghana-special-lassi""}",,,,,,,,376,1,https://b.zmtcdn.com/data/o2_assets/958e4cb4a8b255659daae2c430f976ea1608028693.png,1,,,,,
Drinks (Beverages),Pink Guava Lassi,129.0,,veg,,,veg,delivery-enabled,ctl_624845961,129.0,129.0,129.0,129.0,v_847985074,ctg_15575035,,,0,False,23,0,0,False,False,available,0,dish,,,,services,catalogue,,,Drinks (Beverages),"{""v"":847985074,""s_ctg"":23860818,""cmb_sel"":0,""cmb"":0,""ff"":false,""ctl_n"":""pink-guava-lassi""}",,,,,,,,384,1,https://b.zmtcdn.com/data/o2_assets/958e4cb4a8b255659daae2c430f976ea1608028693.png,1,,,,,
Drinks (Beverages),Strawberry Lassi,129.0,,veg,4.53000021,8 votes,veg,delivery-enabled,ctl_577350208,129.0,129.0,129.0,129.0,v_786758248,ctg_15575035,https://b.zmtcdn.com/data/dish_photos/52c/a8d7d07775a06dade8756ac163f3252c.jpeg,https://b.zmtcdn.com/data/dish_photos/52c/a8d7d07775a06dade8756ac163f3252c.jpeg?fit=around%7C200%3A200&crop=200%3A200%3B%2A%2C%2A,0,False,24,0,0,True,False,available,0,dish,,,,services,catalogue,,,Drinks (Beverages),"{""v"":786758248,""s_ctg"":23860818,""cmb_sel"":0,""cmb"":0,""ff"":false,""ctl_n"":""strawberry-lassi""}",,,,,,,,361,1,https://b.zmtcdn.com/data/o2_assets/958e4cb4a8b255659daae2c430f976ea1608028693.png,1,,,,,
Egg,Boiled Egg (2nos),45.0,,non-veg,4.57000017,64 votes,non-veg,delivery-enabled,ctl_206539133,45.0,45.0,45.0,45.0,v_249071733,ctg_15575031,https://b.zmtcdn.com/data/dish_photos/ce4/8381721774988c4432a2ad0dfb4c9ce4.jpg,https://b.zmtcdn.com/data/dish_photos/ce4/8381721774988c4432a2ad0dfb4c9ce4.jpg?fit=around%7C200%3A200&crop=200%3A200%3B%2A%2C%2A,0,False,1,0,0,True,False,available,0,dish,,,,home-style-meal,catalogue,,,Egg,"{""v"":249071733,""s_ctg"":23860814,""cmb_sel"":0,""cmb"":0,""ff"":false,""ctl_n"":""boiled-egg-2nos-""}",,,,,,,,57,2,https://b.zmtcdn.com/data/o2_assets/5d4de18a3d402878965275e9f24656951635253564.png,1,,,,,
Egg,Egg Bhurji,205.0,,non-veg,4.5999999,17 votes,non-veg,delivery-enabled,ctl_206539134,205.0,205.0,205.0,205.0,v_249071734,ctg_15575031,https://b.zmtcdn.com/data/dish_photos/715/26daea1cde22914f0cc93c62382ca715.jpg,https://b.zmtcdn.com/data/dish_photos/715/26daea1cde22914f0cc93c62382ca715.jpg?fit=around%7C200%3A200&crop=200%3A200%3B%2A%2C%2A,0,False,2,0,0,True,False,available,0,dish,,,,services,catalogue,,,Egg,"{""v"":249071734,""s_ctg"":23860814,""cmb_sel"":0,""cmb"":0,""ff"":false,""ctl_n"":""egg-bhurji""}",,,,,,,,58,2,https://b.zmtcdn.com/data/o2_assets/5d4de18a3d402878965275e9f24656951635253564.png,1,,,,,
Egg,Chilly Egg,215.0,,non-veg,4.32000017,31 votes,non-veg,delivery-enabled,ctl_206539135,215.0,215.0,215.0,215.0,v_249071735,ctg_15575031,https://b.zmtcdn.com/data/dish_photos/fb5/b838554a92f5a314d90243e1558e8fb5.jpg,https://b.zmtcdn.com/data/dish_photos/fb5/b838554a92f5a314d90243e1558e8fb5.jpg?fit=around%7C200%3A200&crop=200%3A200%3B%2A%2C%2A,0,False,4,0,0,True,False,available,0,dish,,,,spicy,catalogue,,,Egg,"{""v"":249071735,""s_ctg"":23860814,""cmb_sel"":0,""cmb"":0,""ff"":false,""ctl_n"":""chilly-egg""}",,,,,,,,60,"2,4",https://b.zmtcdn.com/data/o2_assets/5d4de18a3d402878965275e9f24656951635253564.png,1,,,,,
Extra,Raita,15.0,,veg,4.48999977,88 votes,veg,delivery-enabled,ctl_531533746,15.0,15.0,15.0,15.0,v_722701944,ctg_18772832,https://b.zmtcdn.com/data/dish_photos/caf/3d1be14c3e3e4d8b8dbfeb283becccaf.jpg,https://b.zmtcdn.com/data/dish_photos/caf/3d1be14c3e3e4d8b8dbfeb283becccaf.jpg?fit=around%7C200%3A200&crop=200%3A200%3B%2A%2C%2A,0,False,1,0,0,True,False,available,0,dish,,,,services,catalogue,,,Extra,"{""v"":722701944,""s_ctg"":28524104,""cmb_sel"":0,""cmb"":0,""ff"":false,""ctl_n"":""raita""}",,,,,,,,104,1,https://b.zmtcdn.com/data/o2_assets/958e4cb4a8b255659daae2c430f976ea1608028693.png,1,,,,,
Extra,Gravy,25.0,,veg,4.46999979,49 votes,veg,delivery-enabled,ctl_531533747,25.0,25.0,25.0,25.0,v_722701945,ctg_18772832,https://b.zmtcdn.com/data/dish_photos/2fa/df9912e85723258d6c32e4362ee662fa.jpg,https://b.zmtcdn.com/data/dish_photos/2fa/df9912e85723258d6c32e4362ee662fa.jpg?fit=around%7C200%3A200&crop=200%3A200%3B%2A%2C%2A,0,False,2,0,0,True,False,available,0,dish,,,,services,catalogue,,,Extra,"{""v"":722701945,""s_ctg"":28524104,""cmb_sel"":0,""cmb"":0,""ff"":false,""ctl_n"":""gravy""}",,,,,,,,105,1,https://b.zmtcdn.com/data/o2_assets/958e4cb4a8b255659daae2c430f976ea1608028693.png,1,,,,,
Extra,Extra Aloo 4 Pcs,45.0,,veg,4.26999998,12 votes,veg,delivery-enabled,ctl_533699106,45.0,45.0,45.0,45.0,v_725684322,ctg_18772832,,,0,False,8,0,0,False,False,available,0,dish,,,,services,catalogue,,,Extra,"{""v"":725684322,""s_ctg"":28524104,""cmb_sel"":0,""cmb"":0,""ff"":false,""ctl_n"":""extra-aloo-4-pcs""}",,,,,,,,368,1,https://b.zmtcdn.com/data/o2_assets/958e4cb4a8b255659daae2c430f976ea1608028693.png,1,,,,,
Extra,Gongura Pickle,60.0,,veg,,,veg,delivery-enabled,ctl_628477932,60.0,1450.0,60.0,60.0,v_852220054,ctg_18772832,,,0,False,9,0,0,False,False,available,0,dish,,,,services,catalogue,,,Extra,"{""v"":852220054,""s_ctg"":28524104,""cmb_sel"":0,""cmb"":0,""ff"":false,""ctl_n"":""gongura-pickle""}",,,,,,,,385,1,https://b.zmtcdn.com/data/o2_assets/958e4cb4a8b255659daae2c430f976ea1608028693.png,1,,,mg_96013888,False,"{""exp_no"":1,""default_v_price"":60,""lowest_v_price"":60,""highest_v_price"":60,""total_mgs"":3,""total_v_count"":1,""properties"":-1}"
Extra,Ulavacharu,60.0,,veg,,,veg,delivery-enabled,ctl_628477933,60.0,1450.0,60.0,60.0,v_852220055,ctg_18772832,,,0,False,11,0,0,False,False,available,0,dish,,,,services,catalogue,,,Extra,"{""v"":852220055,""s_ctg"":28524104,""cmb_sel"":0,""cmb"":0,""ff"":false,""ctl_n"":""ulavacharu""}",,,,,,,,386,1,https://b.zmtcdn.com/data/o2_assets/958e4cb4a8b255659daae2c430f976ea1608028693.png,1,,,mg_96013888,False,"{""exp_no"":1,""default_v_price"":60,""lowest_v_price"":60,""highest_v_price"":60,""total_mgs"":3,""total_v_count"":1,""properties"":-1}"
Extra,Masala Pack,120.0,,veg,4.71000004,5 votes,veg,delivery-enabled,ctl_531533748,120.0,120.0,120.0,120.0,v_722701946,ctg_18772832,https://b.zmtcdn.com/data/dish_photos/17a/4e21f3f70f5e3f9562d94bcb9b17d17a.jpg,https://b.zmtcdn.com/data/dish_photos/17a/4e21f3f70f5e3f9562d94bcb9b17d17a.jpg?fit=around%7C200%3A200&crop=200%3A200%3B%2A%2C%2A,0,False,3,0,0,True,False,available,0,dish,,,,services,catalogue,,,Extra,"{""v"":722701946,""s_ctg"":28524104,""cmb_sel"":0,""cmb"":0,""ff"":false,""ctl_n"":""masala-pack""}",,,,,,,,106,1,https://b.zmtcdn.com/data/o2_assets/958e4cb4a8b255659daae2c430f976ea1608028693.png,1,,,,,
Extra,Paneer Pcs,245.0,,veg,4.42000008,7 votes,veg,delivery-enabled,ctl_266103264,245.0,245.0,245.0,245.0,v_335416503,ctg_18772832,https://b.zmtcdn.com/data/dish_photos/529/6928fa6da0aafc8125eb0bb12ed36529.jpg,https://b.zmtcdn.com/data/dish_photos/529/6928fa6da0aafc8125eb0bb12ed36529.jpg?fit=around%7C200%3A200&crop=200%3A200%3B%2A%2C%2A,0,False,4,0,0,True,False,available,0,dish,,,,services,catalogue,,,Extra,"{""v"":335416503,""s_ctg"":28524104,""cmb_sel"":0,""cmb"":0,""ff"":false,""ctl_n"":""paneer-pcs""}",,,,,,,,108,1,https://b.zmtcdn.com/data/o2_assets/958e4cb4a8b255659daae2c430f976ea1608028693.png,1,,,,,
Extra,Chicken Boneless Pcs,245.0,,non-veg,4.55999994,34 votes,non-veg,delivery-enabled,ctl_265931000,245.0,1530.0,245.0,245.0,v_335219471,ctg_18772832,https://b.zmtcdn.com/data/dish_photos/f23/7e853e7e0056f4c48f71b8d114d63f23.jpg,https://b.zmtcdn.com/data/dish_photos/f23/7e853e7e0056f4c48f71b8d114d63f23.jpg?fit=around%7C200%3A200&crop=200%3A200%3B%2A%2C%2A,0,False,5,0,0,True,False,available,0,dish,,,,services,catalogue,,,Extra,"{""v"":335219471,""s_ctg"":28524104,""cmb_sel"":0,""cmb"":0,""ff"":false,""ctl_n"":""chicken-boneless-pcs""}",,,,,,,,109,2,https://b.zmtcdn.com/data/o2_assets/5d4de18a3d402878965275e9f24656951635253564.png,1,,,mg_96013888,False,"{""exp_no"":1,""default_v_price"":245,""lowest_v_price"":245,""highest_v_price"":245,""total_mgs"":3,""total_v_count"":1,""properties"":-1}"
Extra,Meghana Chicken Spl Pcs,250.0,,non-veg,4.59000015,20 votes,non-veg,delivery-enabled,ctl_266103265,250.0,250.0,250.0,250.0,v_335416504,ctg_18772832,https://b.zmtcdn.com/data/dish_photos/e0d/753dd707ea938d2bdb9f7106bff00e0d.jpg,https://b.zmtcdn.com/data/dish_photos/e0d/753dd707ea938d2bdb9f7106bff00e0d.jpg?fit=around%7C200%3A200&crop=200%3A200%3B%2A%2C%2A,0,False,6,0,0,True,False,available,0,dish,,,,services,catalogue,,,Extra,"{""v"":335416504,""s_ctg"":28524104,""cmb_sel"":0,""cmb"":0,""ff"":false,""ctl_n"":""meghana-chicken-spl-pcs""}",,,,,,,,110,2,https://b.zmtcdn.com/data/o2_assets/5d4de18a3d402878965275e9f24656951635253564.png,1,,,,,
Indian Breads,Tandoori Roti,45.0,,veg,4.51999998,96 votes,veg,delivery-enabled,ctl_210569405,45.0,45.0,45.0,45.0,v_254880933,ctg_15575030,https://b.zmtcdn.com/data/dish_photos/f66/ed92973dabd2c6404f83ce71bcb16f66.jpg,https://b.zmtcdn.com/data/dish_photos/f66/ed92973dabd2c6404f83ce71bcb16f66.jpg?fit=around%7C200%3A200&crop=200%3A200%3B%2A%2C%2A,0,False,2,0,0,True,False,available,0,dish,,,,services,catalogue,,,Indian Breads,"{""v"":254880933,""s_ctg"":23860813,""cmb_sel"":0,""cmb"":0,""ff"":false,""ctl_n"":""tandoori-roti""}",,,,,,,,141,1,https://b.zmtcdn.com/data/o2_assets/958e4cb4a8b255659daae2c430f976ea1608028693.png,1,,,,,
Indian Breads,Butter Tandoori Roti,50.0,,veg,4.44000006,71 votes,veg,delivery-enabled,ctl_210569404,50.0,50.0,50.0,50.0,v_254880932,ctg_15575030,https://b.zmtcdn.com/data/dish_photos/f78/41669cb9ea1b87af57d00b503f14af78.jpg,https://b.zmtcdn.com/data/dish_photos/f78/41669cb9ea1b87af57d00b503f14af78.jpg?fit=around%7C200%3A200&crop=200%3A200%3B%2A%2C%2A,0,False,1,0,0,True,False,available,0,dish,,,,services,catalogue,,,Indian Breads,"{""v"":254880932,""s_ctg"":23860813,""cmb_sel"":0,""cmb"":0,""ff"":false,""ctl_n"":""butter-tandoori-roti""}",,,,,,,,140,1,https://b.zmtcdn.com/data/o2_assets/958e4cb4a8b255659daae2c430f976ea1608028693.png,1,,,,,
Indian Breads,Naan,50.0,,veg,4.26999998,35 votes,veg,delivery-enabled,ctl_210569406,50.0,50.0,50.0,50.0,v_254880934,ctg_15575030,https://b.zmtcdn.com/data/dish_photos/10a/319a9ccf9f134ca6cffff52b9488910a.jpg,https://b.zmtcdn.com/data/dish_photos/10a/319a9ccf9f134ca6cffff52b9488910a.jpg?fit=around%7C200%3A200&crop=200%3A200%3B%2A%2C%2A,0,False,3,0,0,True,False,available,0,dish,,,,services,catalogue,,,Indian Breads,"{""v"":254880934,""s_ctg"":23860813,""cmb_sel"":0,""cmb"":0,""ff"":false,""ctl_n"":""naan""}",,,,,,,,142,1,https://b.zmtcdn.com/data/o2_assets/958e4cb4a8b255659daae2c430f976ea1608028693.png,1,,,,,
Indian Breads,Butter Naan,55.0,,veg,4.48999977,121 votes,veg,delivery-enabled,ctl_210569408,55.0,55.0,55.0,55.0,v_254880936,ctg_15575030,https://b.zmtcdn.com/data/dish_photos/a2e/ca018fc058897017d80a1a74883aea2e.jpg,https://b.zmtcdn.com/data/dish_photos/a2e/ca018fc058897017d80a1a74883aea2e.jpg?fit=around%7C200%3A200&crop=200%3A200%3B%2A%2C%2A,0,False,5,0,0,True,False,available,0,dish,,,,services,catalogue,,,Indian Breads,"{""v"":254880936,""s_ctg"":23860813,""cmb_sel"":0,""cmb"":0,""ff"":false,""ctl_n"":""butter-naan""}",,,,,,,,144,1,https://b.zmtcdn.com/data/o2_assets/958e4cb4a8b255659daae2c430f976ea1608028693.png,1,,,,,
Indian Breads,Garlic Naan,60.0,,veg,4.38999987,71 votes,veg,delivery-enabled,ctl_210569407,60.0,60.0,60.0,60.0,v_254880935,ctg_15575030,https://b.zmtcdn.com/data/dish_photos/887/8e01fc6f472200f84a7ba01e91ce3887.jpg,https://b.zmtcdn.com/data/dish_photos/887/8e01fc6f472200f84a7ba01e91ce3887.jpg?fit=around%7C200%3A200&crop=200%3A200%3B%2A%2C%2A,0,False,4,0,0,True,False,available,0,dish,,,,services,catalogue,,,Indian Breads,"{""v"":254880935,""s_ctg"":23860813,""cmb_sel"":0,""cmb"":0,""ff"":false,""ctl_n"":""garlic-naan""}",,,,,,,,143,1,https://b.zmtcdn.com/data/o2_assets/958e4cb4a8b255659daae2c430f976ea1608028693.png,1,,,,,
Indian Breads,Kulcha,60.0,,veg,4.19999981,17 votes,veg,delivery-enabled,ctl_210569409,60.0,60.0,60.0,60.0,v_254880937,ctg_15575030,https://b.zmtcdn.com/data/dish_photos/1cf/d89ca1c8b994881848277beaad1581cf.jpg,https://b.zmtcdn.com/data/dish_photos/1cf/d89ca1c8b994881848277beaad1581cf.jpg?fit=around%7C200%3A200&crop=200%3A200%3B%2A%2C%2A,0,False,6,0,0,True,False,available,0,dish,,,,services,catalogue,,,Indian Breads,"{""v"":254880937,""s_ctg"":23860813,""cmb_sel"":0,""cmb"":0,""ff"":false,""ctl_n"":""kulcha""}",,,,,,,,145,1,https://b.zmtcdn.com/data/o2_assets/958e4cb4a8b255659daae2c430f976ea1608028693.png,1,,,,,
Indian Breads,Butter Kulcha,65.0,,veg,4.26999998,52 votes,veg,delivery-enabled,ctl_210569410,65.0,65.0,65.0,65.0,v_254880938,ctg_15575030,https://b.zmtcdn.com/data/dish_photos/6bf/3c4aed172b20089016c904c253fe06bf.jpg,https://b.zmtcdn.com/data/dish_photos/6bf/3c4aed172b20089016c904c253fe06bf.jpg?fit=around%7C200%3A200&crop=200%3A200%3B%2A%2C%2A,0,False,7,0,0,True,False,available,0,dish,,,,services,catalogue,,,Indian Breads,"{""v"":254880938,""s_ctg"":23860813,""cmb_sel"":0,""cmb"":0,""ff"":false,""ctl_n"":""butter-kulcha""}",,,,,,,,146,1,https://b.zmtcdn.com/data/o2_assets/958e4cb4a8b255659daae2c430f976ea1608028693.png,1,,,,,
Non-Veg Biriyani,Non Veg Biryani Rice,265.0,,non-veg,4.3499999,86 votes,non-veg,delivery-enabled,ctl_470602779,265.0,2865.0,265.0,265.0,v_581182355,ctg_15575028,https://b.zmtcdn.com/data/dish_photos/7a8/6f704e1ce89695884a44befd2608b7a8.jpg,https://b.zmtcdn.com/data/dish_photos/7a8/6f704e1ce89695884a44befd2608b7a8.jpg?fit=around%7C200%3A200&crop=200%3A200%3B%2A%2C%2A,0,False,2,0,0,True,False,available,0,dish,,,,services,catalogue,,,Non-Veg Biriyani,"{""v"":581182355,""s_ctg"":23860811,""cmb_sel"":0,""cmb"":0,""ff"":false,""ctl_n"":""non-veg-biryani-rice""}",,,,,,,,347,2,https://b.zmtcdn.com/data/o2_assets/5d4de18a3d402878965275e9f24656951635253564.png,1,,,mg_104157249,False,"{""exp_no"":1,""default_v_price"":265,""lowest_v_price"":265,""highest_v_price"":265,""total_mgs"":3,""total_v_count"":1,""properties"":-1}"
Non-Veg Biriyani,Egg Biryani,320.0,Egg biryani is moderately spicy and comes with two hard-boiled eggs cooked in our freshly made spice mix. it serves two people.,non-veg,4.34000015,120 votes,non-veg,delivery-enabled,ctl_206539126,320.0,2920.0,320.0,320.0,v_249071726,ctg_15575028,https://b.zmtcdn.com/data/dish_photos/712/fc50e9668cc9173b48a632d16876e712.jpg,https://b.zmtcdn.com/data/dish_photos/712/fc50e9668cc9173b48a632d16876e712.jpg?fit=around%7C200%3A200&crop=200%3A200%3B%2A%2C%2A,0,False,12,0,0,True,False,available,0,dish,,,,services,catalogue,,,Non-Veg Biriyani,"{""v"":249071726,""s_ctg"":23860811,""cmb_sel"":0,""cmb"":0,""ff"":false,""ctl_n"":""egg-biryani""}",,,,,,,,50,2,https://b.zmtcdn.com/data/o2_assets/5d4de18a3d402878965275e9f24656951635253564.png,1,,,mg_96013887,False,"{""exp_no"":1,""default_v_price"":320,""lowest_v_price"":320,""highest_v_price"":320,""total_mgs"":3,""total_v_count"":1,""properties"":-1}"
Non-Veg Biriyani,Chicken Biryani,350.0,"This biryani comes with two pieces of chicken, raita, gravy and is cooked in our freshly prepared spice blend.  it is moderately spicy and serves two.",non-veg,4.42000008,450 votes,non-veg,delivery-enabled,ctl_435709437,350.0,2950.0,350.0,350.0,v_537195240,ctg_15575028,https://b.zmtcdn.com/data/dish_photos/ed3/c673400074af9cca7391a8e393496ed3.jpg,https://b.zmtcdn.com/data/dish_photos/ed3/c673400074af9cca7391a8e393496ed3.jpg?fit=around%7C200%3A200&crop=200%3A200%3B%2A%2C%2A,0,False,3,0,0,True,False,available,0,dish,,,,services,catalogue,,,Non-Veg Biriyani,"{""v"":537195240,""s_ctg"":23860811,""cmb_sel"":0,""cmb"":0,""ff"":false,""ctl_n"":""chicken-biryani""}",,,,,,,,41,2,https://b.zmtcdn.com/data/o2_assets/5d4de18a3d402878965275e9f24656951635253564.png,1,,,mg_96013887,False,"{""exp_no"":1,""default_v_price"":350,""lowest_v_price"":350,""highest_v_price"":350,""total_mgs"":3,""total_v_count"":1,""properties"":-1}"
Non-Veg Biriyani,Chicken Boneless Biryani,360.0,"We use long grain basmati rice, and the boneless pieces of chicken are cooked in our own andra spice blend. it is spicy and served with raita and gravy. it serves two",non-veg,4.51000023,2417 votes,non-veg,delivery-enabled,ctl_206539118,360.0,2960.0,360.0,360.0,v_249071718,ctg_15575028,https://b.zmtcdn.com/data/dish_photos/f8a/20042ceab67859cbc6a7de58e4cabf8a.jpg,https://b.zmtcdn.com/data/dish_photos/f8a/20042ceab67859cbc6a7de58e4cabf8a.jpg?fit=around%7C200%3A200&crop=200%3A200%3B%2A%2C%2A,0,False,4,0,0,True,False,available,0,dish,,,,services,catalogue,,,Non-Veg Biriyani,"{""v"":249071718,""s_ctg"":23860811,""cmb_sel"":0,""cmb"":0,""ff"":false,""ctl_n"":""chicken-boneless-biryani""}",,,,,,,,42,2,https://b.zmtcdn.com/data/o2_assets/5d4de18a3d402878965275e9f24656951635253564.png,1,,,mg_96013887,False,"{""exp_no"":1,""default_v_price"":360,""lowest_v_price"":360,""highest_v_price"":360,""total_mgs"":3,""total_v_count"":1,""properties"":-1}"
Non-Veg Biriyani,Lollipop Biryani,360.0,3 Pieces of lollypop are freshly fried with our andra spice mix and served with this biryani. It is slightly spicy and will serve two people.,non-veg,4.19999981,43 votes,non-veg,delivery-enabled,ctl_206539120,360.0,2960.0,360.0,360.0,v_249071720,ctg_15575028,https://b.zmtcdn.com/data/dish_photos/981/76ab166d5ebf07d9a72d0155b3938981.jpg,https://b.zmtcdn.com/data/dish_photos/981/76ab166d5ebf07d9a72d0155b3938981.jpg?fit=around%7C200%3A200&crop=200%3A200%3B%2A%2C%2A,0,False,6,0,0,True,False,available,0,dish,,,,services,catalogue,,,Non-Veg Biriyani,"{""v"":249071720,""s_ctg"":23860811,""cmb_sel"":0,""cmb"":0,""ff"":false,""ctl_n"":""lollipop-biryani""}",,,,,,,,44,2,https://b.zmtcdn.com/data/o2_assets/5d4de18a3d402878965275e9f24656951635253564.png,1,,,mg_96013887,False,"{""exp_no"":1,""default_v_price"":360,""lowest_v_price"":360,""highest_v_price"":360,""total_mgs"":3,""total_v_count"":1,""properties"":-1}"
Non-Veg Biriyani,Meghana Special Biryani,370.0,The chicken is cooked with an extra coating of an egg along with our in-house andra spice blend. it is moderately spicy and serves two.,non-veg,4.48999977,1671 votes,non-veg,delivery-enabled,ctl_206539119,370.0,2970.0,370.0,370.0,v_249071719,ctg_15575028,https://b.zmtcdn.com/data/dish_photos/322/179f006067bd49fc5920d9a2bca9c322.jpg,https://b.zmtcdn.com/data/dish_photos/322/179f006067bd49fc5920d9a2bca9c322.jpg?fit=around%7C200%3A200&crop=200%3A200%3B%2A%2C%2A,0,False,5,0,0,True,False,available,0,dish,,,,services,catalogue,,,Non-Veg Biriyani,"{""v"":249071719,""s_ctg"":23860811,""cmb_sel"":0,""cmb"":0,""ff"":false,""ctl_n"":""meghana-special-biryani""}",,,,,,,,43,2,https://b.zmtcdn.com/data/o2_assets/5d4de18a3d402878965275e9f24656951635253564.png,1,,,mg_96013887,False,"{""exp_no"":1,""default_v_price"":370,""lowest_v_price"":370,""highest_v_price"":370,""total_mgs"":3,""total_v_count"":1,""properties"":-1}"
Non-Veg Biriyani,Chicken Fry Pc Biriyani,375.0,This is a spicy biryani. chicken pieces are coated with our in-house spice blend and fried to perfection and served with this biryani. this is moderately spicy and serves two.,non-veg,4.32000017,75 votes,non-veg,delivery-enabled,ctl_206539157,375.0,2975.0,375.0,375.0,v_249071757,ctg_15575028,https://b.zmtcdn.com/data/dish_photos/724/770a36c4a49273b067a1670290d2f724.jpg,https://b.zmtcdn.com/data/dish_photos/724/770a36c4a49273b067a1670290d2f724.jpg?fit=around%7C200%3A200&crop=200%3A200%3B%2A%2C%2A,0,False,1,0,0,True,False,available,0,dish,,,,services,catalogue,,,Non-Veg Biriyani,"{""v"":249071757,""s_ctg"":23860811,""cmb_sel"":0,""cmb"":0,""ff"":false,""ctl_n"":""chicken-fry-pc-biriyani""}",,,,,,,,123,2,https://b.zmtcdn.com/data/o2_assets/5d4de18a3d402878965275e9f24656951635253564.png,1,,,mg_96013887,False,"{""exp_no"":1,""default_v_price"":375,""lowest_v_price"":375,""highest_v_price"":375,""total_mgs"":3,""total_v_count"":1,""properties"":-1}"
Non-Veg Biriyani,Nati Chicken Biryani,430.0,Pieces of country chicken are marinated and cooked in our freshly prepared andra spice mix and served with raita and gravy. it is slightly spicy and can serve two people.,non-veg,4.48999977,20 votes,non-veg,delivery-enabled,ctl_206539121,430.0,3030.0,430.0,430.0,v_249071721,ctg_15575028,https://b.zmtcdn.com/data/dish_photos/8ab/577957a83f7ad7101b447704010aa8ab.jpg,https://b.zmtcdn.com/data/dish_photos/8ab/577957a83f7ad7101b447704010aa8ab.jpg?fit=around%7C200%3A200&crop=200%3A200%3B%2A%2C%2A,0,False,7,0,0,True,False,available,0,dish,,,,packaged,catalogue,,,Non-Veg Biriyani,"{""v"":249071721,""s_ctg"":23860811,""cmb_sel"":0,""cmb"":0,""ff"":false,""ctl_n"":""nati-chicken-biryani""}",,,,,,,,45,2,https://b.zmtcdn.com/data/o2_assets/5d4de18a3d402878965275e9f24656951635253564.png,1,,,mg_96013887,False,"{""exp_no"":1,""default_v_price"":430,""lowest_v_price"":430,""highest_v_price"":430,""total_mgs"":3,""total_v_count"":1,""properties"":-1}"
Non-Veg Biriyani,Fish Biriyani,445.0,Tilapia is cooked with our in-house andra spice blend for a distinct flavor. the fish is cooked to perfection and is moderately spicy and will serve two people.,non-veg,4.48999977,23 votes,non-veg,delivery-enabled,ctl_206539124,445.0,3045.0,445.0,445.0,v_249071724,ctg_15575028,https://b.zmtcdn.com/data/dish_photos/d56/45e6c45e21daa1a8cac63d8a538a9d56.jpg,https://b.zmtcdn.com/data/dish_photos/d56/45e6c45e21daa1a8cac63d8a538a9d56.jpg?fit=around%7C200%3A200&crop=200%3A200%3B%2A%2C%2A,0,False,10,0,0,True,False,available,0,dish,,,,services,catalogue,,,Non-Veg Biriyani,"{""v"":249071724,""s_ctg"":23860811,""cmb_sel"":0,""cmb"":0,""ff"":false,""ctl_n"":""fish-biriyani""}",,,,,,,,48,2,https://b.zmtcdn.com/data/o2_assets/5d4de18a3d402878965275e9f24656951635253564.png,1,,,mg_96013887,False,"{""exp_no"":1,""default_v_price"":445,""lowest_v_price"":445,""highest_v_price"":445,""total_mgs"":3,""total_v_count"":1,""properties"":-1}"
Non-Veg Biriyani,Prawns Biryani,460.0,This biryani is topped with 12-13 pieces of prawns are marinated and cooked in our in-house andra spice mix. it serves two people and is moderately spicy.,non-veg,4.48000002,124 votes,non-veg,delivery-enabled,ctl_206539125,460.0,3060.0,460.0,460.0,v_249071725,ctg_15575028,https://b.zmtcdn.com/data/dish_photos/558/ddee6164a94608cc39d01bb69d4a4558.jpg,https://b.zmtcdn.com/data/dish_photos/558/ddee6164a94608cc39d01bb69d4a4558.jpg?fit=around%7C200%3A200&crop=200%3A200%3B%2A%2C%2A,0,False,11,0,0,True,False,available,0,dish,,,,services,catalogue,,,Non-Veg Biriyani,"{""v"":249071725,""s_ctg"":23860811,""cmb_sel"":0,""cmb"":0,""ff"":false,""ctl_n"":""prawns-biryani""}",,,,,,,,49,2,https://b.zmtcdn.com/data/o2_assets/5d4de18a3d402878965275e9f24656951635253564.png,1,,,mg_96013887,False,"{""exp_no"":1,""default_v_price"":460,""lowest_v_price"":460,""highest_v_price"":460,""total_mgs"":3,""total_v_count"":1,""properties"":-1}"
Non-Veg Biriyani,Mutton Keema Biryani,470.0,Minced mutton is cooked with our in-house andra spice mix and this biryani is served with gravy and raita. it is moderately spicy and will serve two.,non-veg,4.59000015,44 votes,non-veg,delivery-enabled,ctl_206539123,470.0,3070.0,470.0,470.0,v_249071723,ctg_15575028,https://b.zmtcdn.com/data/dish_photos/7a3/bc498ffc55f0c18c98edd7ac1b4f87a3.jpg,https://b.zmtcdn.com/data/dish_photos/7a3/bc498ffc55f0c18c98edd7ac1b4f87a3.jpg?fit=around%7C200%3A200&crop=200%3A200%3B%2A%2C%2A,0,False,9,0,0,True,False,available,0,dish,,,,services,catalogue,,,Non-Veg Biriyani,"{""v"":249071723,""s_ctg"":23860811,""cmb_sel"":0,""cmb"":0,""ff"":false,""ctl_n"":""mutton-keema-biryani""}",,,,,,,,47,2,https://b.zmtcdn.com/data/o2_assets/5d4de18a3d402878965275e9f24656951635253564.png,1,,,mg_96013887,False,"{""exp_no"":1,""default_v_price"":470,""lowest_v_price"":470,""highest_v_price"":470,""total_mgs"":3,""total_v_count"":1,""properties"":-1}"
Non-Veg Biriyani,Mutton Biryani,480.0,4 Pieces of mutton are cooked in our in-house andra spice blend to perfection. The gravy and raita with the biryani are a great combo. It is moderately spicy and serves two.,non-veg,4.25,227 votes,non-veg,delivery-enabled,ctl_435722380,480.0,3080.0,480.0,480.0,v_537208688,ctg_15575028,https://b.zmtcdn.com/data/dish_photos/ab0/3f8f97e8dcf146c8f35eff636a116ab0.jpg,https://b.zmtcdn.com/data/dish_photos/ab0/3f8f97e8dcf146c8f35eff636a116ab0.jpg?fit=around%7C200%3A200&crop=200%3A200%3B%2A%2C%2A,0,False,8,0,0,True,False,available,0,dish,,,,services,catalogue,,,Non-Veg Biriyani,"{""v"":537208688,""s_ctg"":23860811,""cmb_sel"":0,""cmb"":0,""ff"":false,""ctl_n"":""mutton-biryani""}",,,,,,,,46,2,https://b.zmtcdn.com/data/o2_assets/5d4de18a3d402878965275e9f24656951635253564.png,1,,,mg_96013887,False,"{""exp_no"":1,""default_v_price"":480,""lowest_v_price"":480,""highest_v_price"":480,""total_mgs"":3,""total_v_count"":1,""properties"":-1}"
Non-Veg Curries,Egg Masala Curry,250.0,Hard-boiled eggs are cooked in a moderately spicy curry with our in-house andra spice blend. this is moderately spicy.,non-veg,4.61999989,37 votes,non-veg,delivery-enabled,ctl_206539115,250.0,250.0,250.0,250.0,v_249071715,ctg_15575027,https://b.zmtcdn.com/data/dish_photos/894/a3a2d89faa4e0281521090dfae88c894.jpg,https://b.zmtcdn.com/data/dish_photos/894/a3a2d89faa4e0281521090dfae88c894.jpg?fit=around%7C200%3A200&crop=200%3A200%3B%2A%2C%2A,0,False,8,0,0,True,False,available,0,dish,,,,services,catalogue,,,Non-Veg Curries,"{""v"":249071715,""s_ctg"":23860810,""cmb_sel"":0,""cmb"":0,""ff"":false,""ctl_n"":""egg-masala-curry""}",,,,,,,,39,2,https://b.zmtcdn.com/data/o2_assets/5d4de18a3d402878965275e9f24656951635253564.png,1,,,,,
Non-Veg Curries,Tomato Egg Curry,260.0,,non-veg,,,non-veg,delivery-enabled,ctl_206539116,260.0,260.0,260.0,260.0,v_249071716,ctg_15575027,,,0,False,9,0,0,False,False,available,0,dish,,,,spicy,catalogue,,,Non-Veg Curries,"{""v"":249071716,""s_ctg"":23860810,""cmb_sel"":0,""cmb"":0,""ff"":false,""ctl_n"":""tomato-egg-curry""}",,,,,,,,40,"2,4",https://b.zmtcdn.com/data/o2_assets/5d4de18a3d402878965275e9f24656951635253564.png,1,,,,,
Non-Veg Curries,Chicken Hyd Curry with Bone,360.0,,non-veg,4.44999981,14 votes,non-veg,delivery-enabled,ctl_499202768,360.0,360.0,360.0,360.0,v_626238425,ctg_15575027,https://b.zmtcdn.com/data/dish_photos/f44/a27fb1fc76c61b2f3e2afcf117141f44.jpeg,https://b.zmtcdn.com/data/dish_photos/f44/a27fb1fc76c61b2f3e2afcf117141f44.jpeg?fit=around%7C200%3A200&crop=200%3A200%3B%2A%2C%2A,0,False,1,0,0,True,False,available,0,dish,,,,spicy,catalogue,,,Non-Veg Curries,"{""v"":626238425,""s_ctg"":23860810,""cmb_sel"":0,""cmb"":0,""ff"":false,""ctl_n"":""chicken-hyd-curry-with-bone""}",,,,,,,,150,"2,4",https://b.zmtcdn.com/data/o2_assets/5d4de18a3d402878965275e9f24656951635253564.png,1,,,,,
Non-Veg Curries,Chicken Boneless Curry,360.0,Boneless pieces of chicken are cooked in a spicy gravy made with our in-house andra spice masala. it is a spicy curry and will serve two.,non-veg,4.5,106 votes,non-veg,delivery-enabled,ctl_206539109,360.0,360.0,360.0,360.0,v_249071709,ctg_15575027,https://b.zmtcdn.com/data/dish_photos/6bc/d6fe664d06712562d12c8e4e2e1176bc.jpg,https://b.zmtcdn.com/data/dish_photos/6bc/d6fe664d06712562d12c8e4e2e1176bc.jpg?fit=around%7C200%3A200&crop=200%3A200%3B%2A%2C%2A,0,False,2,0,0,True,False,available,0,dish,,,,spicy,catalogue,,,Non-Veg Curries,"{""v"":249071709,""s_ctg"":23860810,""cmb_sel"":0,""cmb"":0,""ff"":false,""ctl_n"":""chicken-boneless-curry""}",,,,,,,,33,"2,4",https://b.zmtcdn.com/data/o2_assets/5d4de18a3d402878965275e9f24656951635253564.png,1,,,,,
Non-Veg Curries,Chicken Curry,360.0,This is a traditional andra spicy curry made with pieces of chicken (with bone) and our freshly made andra spice masala. this curry will serve two.,non-veg,4.38999987,31 votes,non-veg,delivery-enabled,ctl_206539111,360.0,360.0,360.0,360.0,v_249071711,ctg_15575027,https://b.zmtcdn.com/data/dish_photos/abe/46e28390b7c22e18410b46142a18aabe.jpg,https://b.zmtcdn.com/data/dish_photos/abe/46e28390b7c22e18410b46142a18aabe.jpg?fit=around%7C200%3A200&crop=200%3A200%3B%2A%2C%2A,0,False,4,0,0,True,False,available,0,dish,,,,services,catalogue,,,Non-Veg Curries,"{""v"":249071711,""s_ctg"":23860810,""cmb_sel"":0,""cmb"":0,""ff"":false,""ctl_n"":""chicken-curry""}",,,,,,,,35,2,https://b.zmtcdn.com/data/o2_assets/5d4de18a3d402878965275e9f24656951635253564.png,1,,,,,
Non-Veg Curries,Chicken Hyd Curry Boneless,360.0,,non-veg,4.23999977,19 votes,non-veg,delivery-enabled,ctl_547397218,360.0,360.0,360.0,360.0,v_745257239,ctg_15575027,https://b.zmtcdn.com/data/dish_photos/c61/9db73b6ff115c1deb48b6af86332bc61.jpeg,https://b.zmtcdn.com/data/dish_photos/c61/9db73b6ff115c1deb48b6af86332bc61.jpeg?fit=around%7C200%3A200&crop=200%3A200%3B%2A%2C%2A,0,False,11,0,0,True,False,available,0,dish,,,,services,catalogue,,,Non-Veg Curries,"{""v"":745257239,""s_ctg"":23860810,""cmb_sel"":0,""cmb"":0,""ff"":false,""ctl_n"":""chicken-hyd-curry-boneless""}",,,,,,,,352,2,https://b.zmtcdn.com/data/o2_assets/5d4de18a3d402878965275e9f24656951635253564.png,1,,,,,
Non-Veg Curries,Butter Chicken Curry,365.0,Tandoori chicken tikka pieces are cooked in a buttery gravy and our special andra spice mix. this is a moderately spicy curry and will serve two.,non-veg,4.48999977,108 votes,non-veg,delivery-enabled,ctl_206539110,365.0,365.0,365.0,365.0,v_249071710,ctg_15575027,https://b.zmtcdn.com/data/dish_photos/e6a/fe8ec6c03b3c84025d5b26b758283e6a.jpg,https://b.zmtcdn.com/data/dish_photos/e6a/fe8ec6c03b3c84025d5b26b758283e6a.jpg?fit=around%7C200%3A200&crop=200%3A200%3B%2A%2C%2A,0,False,3,0,0,True,False,available,0,dish,,,,services,catalogue,,,Non-Veg Curries,"{""v"":249071710,""s_ctg"":23860810,""cmb_sel"":0,""cmb"":0,""ff"":false,""ctl_n"":""butter-chicken-curry""}",,,,,,,,34,2,https://b.zmtcdn.com/data/o2_assets/5d4de18a3d402878965275e9f24656951635253564.png,1,,,,,
Non-Veg Curries,Nati Chicken Curry,390.0,This is a traditional andra curry. pieces of country chicken are cooked with a spicy curry mixed with our own andra spice mix. this curry serves two.,non-veg,4.78999996,5 votes,non-veg,delivery-enabled,ctl_206539156,390.0,390.0,390.0,390.0,v_249071756,ctg_15575027,https://b.zmtcdn.com/data/dish_photos/b7b/9b72675cc1ffcf352c588e880aa29b7b.jpg,https://b.zmtcdn.com/data/dish_photos/b7b/9b72675cc1ffcf352c588e880aa29b7b.jpg?fit=around%7C200%3A200&crop=200%3A200%3B%2A%2C%2A,0,False,10,0,0,True,False,available,0,dish,,,,spicy,catalogue,,,Non-Veg Curries,"{""v"":249071756,""s_ctg"":23860810,""cmb_sel"":0,""cmb"":0,""ff"":false,""ctl_n"":""nati-chicken-curry""}",,,,,,,,93,"2,4",https://b.zmtcdn.com/data/o2_assets/5d4de18a3d402878965275e9f24656951635253564.png,1,,,,,
Non-Veg Curries,Fish Curry,425.0,This is an andra-style spicy fish curry. tilapia fish is de-boned and cut into cubes and cooked with our in-house spice mix. it serves two.,non-veg,4.26999998,6 votes,non-veg,delivery-enabled,ctl_206539113,425.0,425.0,425.0,425.0,v_249071713,ctg_15575027,https://b.zmtcdn.com/data/dish_photos/399/1cda306a73a097ee58bc002e7cb4b399.jpeg,https://b.zmtcdn.com/data/dish_photos/399/1cda306a73a097ee58bc002e7cb4b399.jpeg?fit=around%7C200%3A200&crop=200%3A200%3B%2A%2C%2A,0,False,6,0,0,True,False,available,0,dish,,,,services,catalogue,,,Non-Veg Curries,"{""v"":249071713,""s_ctg"":23860810,""cmb_sel"":0,""cmb"":0,""ff"":false,""ctl_n"":""fish-curry""}",,,,,,,,37,2,https://b.zmtcdn.com/data/o2_assets/5d4de18a3d402878965275e9f24656951635253564.png,1,,,,,
Non-Veg Curries,Prawns Curry,450.0,12-15 Pieces of fresh prawns are cooked in our freshly made andra spice blend curry. It is spicy and serves two.,non-veg,4.07999992,11 votes,non-veg,delivery-enabled,ctl_206539114,450.0,450.0,450.0,450.0,v_249071714,ctg_15575027,https://b.zmtcdn.com/data/dish_photos/dca/07d6951fac765e725f61af938773adca.jpg,https://b.zmtcdn.com/data/dish_photos/dca/07d6951fac765e725f61af938773adca.jpg?fit=around%7C200%3A200&crop=200%3A200%3B%2A%2C%2A,0,False,7,0,0,True,False,available,0,dish,,,,services,catalogue,,,Non-Veg Curries,"{""v"":249071714,""s_ctg"":23860810,""cmb_sel"":0,""cmb"":0,""ff"":false,""ctl_n"":""prawns-curry""}",,,,,,,,38,2,https://b.zmtcdn.com/data/o2_assets/5d4de18a3d402878965275e9f24656951635253564.png,1,,,,,
Non-Veg Starter,Chicken Kabab,340.0,5-6 Chicken pieces with bone are deep-fried with our freshly made in-house masala mix. It is not very spicy.,non-veg,4.34000015,72 votes,non-veg,delivery-enabled,ctl_206539092,340.0,340.0,340.0,340.0,v_249071692,ctg_15575025,https://b.zmtcdn.com/data/dish_photos/077/2c4c1404244ab2abebd891070c93e077.jpg,https://b.zmtcdn.com/data/dish_photos/077/2c4c1404244ab2abebd891070c93e077.jpg?fit=around%7C200%3A200&crop=200%3A200%3B%2A%2C%2A,0,False,6,0,0,True,False,available,0,dish,,,,services,catalogue,,,Non-Veg Starter,"{""v"":249071692,""s_ctg"":23860808,""cmb_sel"":0,""cmb"":0,""ff"":false,""ctl_n"":""chicken-kabab""}",,,,,,,,16,2,https://b.zmtcdn.com/data/o2_assets/5d4de18a3d402878965275e9f24656951635253564.png,1,,,,,
Non-Veg Starter,Chicken Fry,340.0,,non-veg,4.53000021,6 votes,non-veg,delivery-enabled,ctl_206539096,340.0,340.0,340.0,340.0,v_249071696,ctg_15575025,https://b.zmtcdn.com/data/dish_photos/3fb/b1ca702335987ee96fa8691a9bbb33fb.jpg,https://b.zmtcdn.com/data/dish_photos/3fb/b1ca702335987ee96fa8691a9bbb33fb.jpg?fit=around%7C200%3A200&crop=200%3A200%3B%2A%2C%2A,0,False,11,0,0,True,False,available,0,dish,,,,spicy,catalogue,,,Non-Veg Starter,"{""v"":249071696,""s_ctg"":23860808,""cmb_sel"":0,""cmb"":0,""ff"":false,""ctl_n"":""chicken-fry""}",,,,,,,,20,"2,4",https://b.zmtcdn.com/data/o2_assets/5d4de18a3d402878965275e9f24656951635253564.png,1,,,,,
Non-Veg Starter,Chilly Chicken (Boneless),360.0,Boneless pieces of chicken are cooked with a lot of green chilies and curry leaves. it is spicy and pan-fried.,non-veg,4.30999994,68 votes,non-veg,delivery-enabled,ctl_206539087,360.0,360.0,360.0,360.0,v_249071687,ctg_15575025,https://b.zmtcdn.com/data/dish_photos/07f/d509bf4cdbd3ea8f8779fbcddef1907f.jpg,https://b.zmtcdn.com/data/dish_photos/07f/d509bf4cdbd3ea8f8779fbcddef1907f.jpg?fit=around%7C200%3A200&crop=200%3A200%3B%2A%2C%2A,0,False,1,0,0,True,False,available,0,dish,,,,spicy,catalogue,,,Non-Veg Starter,"{""v"":249071687,""s_ctg"":23860808,""cmb_sel"":0,""cmb"":0,""ff"":false,""ctl_n"":""chilly-chicken-boneless-""}",,,,,,,,11,"2,4",https://b.zmtcdn.com/data/o2_assets/5d4de18a3d402878965275e9f24656951635253564.png,1,,Serves 1,,,
Non-Veg Starter,Chilly Chicken (Andhra style),360.0,5 Pieces of chicken are cooked with our andra spice mix and green chilies in a kadhai. It is a semi-gravy dish and is very spicy.,non-veg,4.42999983,21 votes,non-veg,delivery-enabled,ctl_206539088,360.0,360.0,360.0,360.0,v_249071688,ctg_15575025,https://b.zmtcdn.com/data/dish_photos/409/44e18337832db79dcdaf2745f27d4409.jpg,https://b.zmtcdn.com/data/dish_photos/409/44e18337832db79dcdaf2745f27d4409.jpg?fit=around%7C200%3A200&crop=200%3A200%3B%2A%2C%2A,0,False,2,0,0,True,False,available,0,dish,,,,spicy,catalogue,,,Non-Veg Starter,"{""v"":249071688,""s_ctg"":23860808,""cmb_sel"":0,""cmb"":0,""ff"":false,""ctl_n"":""chilly-chicken-andhra-style-""}",,,,,,,,12,"2,4",https://b.zmtcdn.com/data/o2_assets/5d4de18a3d402878965275e9f24656951635253564.png,1,,,,,
Non-Veg Starter,Chicken 65,360.0,Boneless pieces of chicken are pan-fried to perfection with our andra spice mix and green chilies. it is pretty spicy.,non-veg,4.44000006,229 votes,non-veg,delivery-enabled,ctl_206539089,360.0,360.0,360.0,360.0,v_249071689,ctg_15575025,https://b.zmtcdn.com/data/dish_photos/e14/82427fc448449af3854c686bef7e9e14.jpg,https://b.zmtcdn.com/data/dish_photos/e14/82427fc448449af3854c686bef7e9e14.jpg?fit=around%7C200%3A200&crop=200%3A200%3B%2A%2C%2A,0,False,3,0,0,True,False,available,0,dish,,,,spicy,catalogue,,,Non-Veg Starter,"{""v"":249071689,""s_ctg"":23860808,""cmb_sel"":0,""cmb"":0,""ff"":false,""ctl_n"":""chicken-65""}",,,,,,,,13,"2,4",https://b.zmtcdn.com/data/o2_assets/5d4de18a3d402878965275e9f24656951635253564.png,1,,,,,
Non-Veg Starter,Meghana Chicken 555,360.0,"Boneless, long strips of chicken are pan-fried with our freshly made andra spice mix, garlic, fresh chilies, and curry leaves. it is pretty spicy.",non-veg,4.4000001,155 votes,non-veg,delivery-enabled,ctl_206539090,360.0,2960.0,360.0,360.0,v_249071690,ctg_15575025,https://b.zmtcdn.com/data/dish_photos/7a1/b17c7e79d89bf5164f85729b71f017a1.jpg,https://b.zmtcdn.com/data/dish_photos/7a1/b17c7e79d89bf5164f85729b71f017a1.jpg?fit=around%7C200%3A200&crop=200%3A200%3B%2A%2C%2A,0,False,4,0,0,True,False,available,0,dish,,,,medium-spicy,catalogue,,,Non-Veg Starter,"{""v"":249071690,""s_ctg"":23860808,""cmb_sel"":0,""cmb"":0,""ff"":false,""ctl_n"":""meghana-chicken-555""}",,,,,,,,14,2,https://b.zmtcdn.com/data/o2_assets/5d4de18a3d402878965275e9f24656951635253564.png,1,,,mg_104157249,False,"{""exp_no"":1,""default_v_price"":360,""lowest_v_price"":360,""highest_v_price"":360,""total_mgs"":3,""total_v_count"":1,""properties"":-1}"
Non-Veg Starter,Lemon Chicken,360.0,Fresh lemon and our in-house andra spice mix are used to cook boneless pieces of chicken for this dish. it is moderately spicy and is pan-fried to perfection.,non-veg,4.30000019,113 votes,non-veg,delivery-enabled,ctl_206539091,360.0,360.0,360.0,360.0,v_249071691,ctg_15575025,https://b.zmtcdn.com/data/dish_photos/fe7/5ee5ce65c300c9756435565326aadfe7.jpg,https://b.zmtcdn.com/data/dish_photos/fe7/5ee5ce65c300c9756435565326aadfe7.jpg?fit=around%7C200%3A200&crop=200%3A200%3B%2A%2C%2A,0,False,5,0,0,True,False,available,0,dish,,,,services,catalogue,,,Non-Veg Starter,"{""v"":249071691,""s_ctg"":23860808,""cmb_sel"":0,""cmb"":0,""ff"":false,""ctl_n"":""lemon-chicken""}",,,,,,,,15,2,https://b.zmtcdn.com/data/o2_assets/5d4de18a3d402878965275e9f24656951635253564.png,1,,,,,
Non-Veg Starter,Chicken Lollypop,360.0,5 Pieces of chicken lollypops are freshly fried in our in-house andra spice masala. It is crispy and juicy. It is moderately spicy.,non-veg,4.53999996,94 votes,non-veg,delivery-enabled,ctl_206539093,360.0,360.0,360.0,360.0,v_249071693,ctg_15575025,https://b.zmtcdn.com/data/dish_photos/08f/ac1352170164a53b41692ebbf775408f.jpg,https://b.zmtcdn.com/data/dish_photos/08f/ac1352170164a53b41692ebbf775408f.jpg?fit=around%7C200%3A200&crop=200%3A200%3B%2A%2C%2A,0,False,8,0,0,True,False,available,0,dish,,,,medium-spicy,catalogue,,,Non-Veg Starter,"{""v"":249071693,""s_ctg"":23860808,""cmb_sel"":0,""cmb"":0,""ff"":false,""ctl_n"":""chicken-lollypop""}",,,,,,,,17,2,https://b.zmtcdn.com/data/o2_assets/5d4de18a3d402878965275e9f24656951635253564.png,1,,Serves 1,,,
Non-Veg Starter,Chicken Pakoda,360.0,Boneless pieces of chicken are coated with an andra-style batter and our in-house spices. it is deep-fried with a lot of fresh green chilies and curry leaves. it is moderately spicy.,non-veg,4.48999977,43 votes,non-veg,delivery-enabled,ctl_206539094,360.0,360.0,360.0,360.0,v_249071694,ctg_15575025,https://b.zmtcdn.com/data/dish_photos/701/fe1f83b61cc430bb8db7d38f7e2d5701.jpg,https://b.zmtcdn.com/data/dish_photos/701/fe1f83b61cc430bb8db7d38f7e2d5701.jpg?fit=around%7C200%3A200&crop=200%3A200%3B%2A%2C%2A,0,False,9,0,0,True,False,available,0,dish,,,,services,catalogue,,,Non-Veg Starter,"{""v"":249071694,""s_ctg"":23860808,""cmb_sel"":0,""cmb"":0,""ff"":false,""ctl_n"":""chicken-pakoda""}",,,,,,,,18,2,https://b.zmtcdn.com/data/o2_assets/5d4de18a3d402878965275e9f24656951635253564.png,1,,,,,
Non-Veg Starter,Pepper Chicken,360.0,"12-15 Pieces of boneless chicken are cooked with a lot of black pepper, our in-house spice mix, and green chilies. It is spicy. Pan-fried",non-veg,4.38000011,222 votes,non-veg,delivery-enabled,ctl_206539095,360.0,360.0,360.0,360.0,v_249071695,ctg_15575025,https://b.zmtcdn.com/data/dish_photos/8c9/e8215c3e2dfb8bee17ce5b1779fde8c9.jpg,https://b.zmtcdn.com/data/dish_photos/8c9/e8215c3e2dfb8bee17ce5b1779fde8c9.jpg?fit=around%7C200%3A200&crop=200%3A200%3B%2A%2C%2A,0,False,10,0,0,True,False,available,0,dish,,,,spicy,catalogue,,,Non-Veg Starter,"{""v"":249071695,""s_ctg"":23860808,""cmb_sel"":0,""cmb"":0,""ff"":false,""ctl_n"":""pepper-chicken""}",,,,,,,,19,"2,4",https://b.zmtcdn.com/data/o2_assets/5d4de18a3d402878965275e9f24656951635253564.png,1,,,,,
Non-Veg Starter,Chicken Maharaja,380.0,10-15 Pieces of boneless chicken are cooked with our freshly made andra spice mix and red chilies. It is moderately spicy and pan-fried.,non-veg,4.38000011,17 votes,non-veg,delivery-enabled,ctl_206539098,380.0,380.0,380.0,380.0,v_249071698,ctg_15575025,https://b.zmtcdn.com/data/dish_photos/008/8b8b38e6709b699a11c6894f033f1008.jpg,https://b.zmtcdn.com/data/dish_photos/008/8b8b38e6709b699a11c6894f033f1008.jpg?fit=around%7C200%3A200&crop=200%3A200%3B%2A%2C%2A,0,False,13,0,0,True,False,available,0,dish,,,,services,catalogue,,,Non-Veg Starter,"{""v"":249071698,""s_ctg"":23860808,""cmb_sel"":0,""cmb"":0,""ff"":false,""ctl_n"":""chicken-maharaja""}",,,,,,,,22,2,https://b.zmtcdn.com/data/o2_assets/5d4de18a3d402878965275e9f24656951635253564.png,1,,,,,
Non-Veg Starter,Chicken Rayalaseema,385.0,"This dish has 7-8 boneless and with bone pieces cooked in a special andra, masala inspired from rayal seema. it is pretty spicy.",non-veg,4.38000011,30 votes,non-veg,delivery-enabled,ctl_206539099,385.0,385.0,385.0,385.0,v_249071699,ctg_15575025,https://b.zmtcdn.com/data/dish_photos/551/e632037a8701e8ef569d3a3130ccb551.jpg,https://b.zmtcdn.com/data/dish_photos/551/e632037a8701e8ef569d3a3130ccb551.jpg?fit=around%7C200%3A200&crop=200%3A200%3B%2A%2C%2A,0,False,14,0,0,True,False,available,0,dish,,,,spicy,catalogue,,,Non-Veg Starter,"{""v"":249071699,""s_ctg"":23860808,""cmb_sel"":0,""cmb"":0,""ff"":false,""ctl_n"":""chicken-rayalaseema""}",,,,,,,,23,"2,4",https://b.zmtcdn.com/data/o2_assets/5d4de18a3d402878965275e9f24656951635253564.png,1,,,,,
Non-Veg Starter,Chicken Leg Roast,390.0,4 Leg pieces are cooked in our special masala that is freshly made every day. It is finished in a kadhai and is spicy.,non-veg,4.40999985,19 votes,non-veg,delivery-enabled,ctl_317361437,390.0,390.0,390.0,390.0,v_398387984,ctg_15575025,https://b.zmtcdn.com/data/dish_photos/36b/c63736304e7ec6a4551498bb473b736b.jpg,https://b.zmtcdn.com/data/dish_photos/36b/c63736304e7ec6a4551498bb473b736b.jpg?fit=around%7C200%3A200&crop=200%3A200%3B%2A%2C%2A,0,False,18,0,0,True,False,available,0,dish,,,,spicy,catalogue,,,Non-Veg Starter,"{""v"":398387984,""s_ctg"":23860808,""cmb_sel"":0,""cmb"":0,""ff"":false,""ctl_n"":""chicken-leg-roast""}",,,,,,,,324,"2,4",https://b.zmtcdn.com/data/o2_assets/5d4de18a3d402878965275e9f24656951635253564.png,1,,,,,
Non-Veg Starter,Nati Chicken Fry,410.0,Country chicken 7-8 pieces are deep-fried with our special andra-style spice blend. it is pretty spicy.,non-veg,,,non-veg,delivery-enabled,ctl_206539097,410.0,410.0,410.0,410.0,v_249071697,ctg_15575025,https://b.zmtcdn.com/data/dish_photos/98d/373243dd91518622fd87eae1ebd5598d.jpg,https://b.zmtcdn.com/data/dish_photos/98d/373243dd91518622fd87eae1ebd5598d.jpg?fit=around%7C200%3A200&crop=200%3A200%3B%2A%2C%2A,0,False,12,0,0,True,False,available,0,dish,,,,spicy,catalogue,,,Non-Veg Starter,"{""v"":249071697,""s_ctg"":23860808,""cmb_sel"":0,""cmb"":0,""ff"":false,""ctl_n"":""nati-chicken-fry""}",,,,,,,,21,"2,4",https://b.zmtcdn.com/data/o2_assets/5d4de18a3d402878965275e9f24656951635253564.png,1,,,,,
Non-Veg Starter,Mutton Kheema Fry,480.0,This andra-style keema fry has minced mutton cooked with our in-house special andra spice mix. it is spicy.,non-veg,3.46000004,12 votes,non-veg,delivery-enabled,ctl_206539155,480.0,480.0,480.0,480.0,v_249071755,ctg_15575025,https://b.zmtcdn.com/data/dish_photos/6c0/b389e32d3f4e2f699c89483f487216c0.jpg,https://b.zmtcdn.com/data/dish_photos/6c0/b389e32d3f4e2f699c89483f487216c0.jpg?fit=around%7C200%3A200&crop=200%3A200%3B%2A%2C%2A,0,False,19,0,0,True,False,available,0,dish,,,,services,catalogue,,,Non-Veg Starter,"{""v"":249071755,""s_ctg"":23860808,""cmb_sel"":0,""cmb"":0,""ff"":false,""ctl_n"":""mutton-kheema-fry""}",,,,,,,,91,2,https://b.zmtcdn.com/data/o2_assets/5d4de18a3d402878965275e9f24656951635253564.png,1,,,,,
Non-Veg Tandoor,Chicken Tandoori,0.0,4 Pieces of chicken are rubbed with our freshly made andra-style tandoori masala. It is not very spicy.,non-veg,4.55999994,162 votes,non-veg,delivery-enabled,ctl_210569414,350.0,645.0,350.0,350.0,,ctg_15993680,https://b.zmtcdn.com/data/dish_photos/4c4/b6917ceee74b9f0066abae329c2974c4.jpg,https://b.zmtcdn.com/data/dish_photos/4c4/b6917ceee74b9f0066abae329c2974c4.jpg?fit=around%7C200%3A200&crop=200%3A200%3B%2A%2C%2A,0,False,6,0,0,True,False,available,0,dish,,,,services,catalogue,,,Non-Veg Tandoor,"{""v"":0,""s_ctg"":24402640,""cmb_sel"":0,""cmb"":0,""ff"":false,""ctl_n"":""chicken-tandoori""}",,,,,,,,G134,2,https://b.zmtcdn.com/data/o2_assets/5d4de18a3d402878965275e9f24656951635253564.png,1,,,,False,"{""exp_no"":1,""default_v_price"":350,""lowest_v_price"":350,""highest_v_price"":645,""total_mgs"":1,""total_v_count"":2,""properties"":1}"
Non-Veg Tandoor,Chicken Tikka,360.0,,non-veg,4.57999992,26 votes,non-veg,delivery-enabled,ctl_210569401,360.0,360.0,360.0,360.0,v_254880929,ctg_15993680,https://b.zmtcdn.com/data/dish_photos/74d/1d550a420d4a70a533bfdf0f89f9f74d.jpg,https://b.zmtcdn.com/data/dish_photos/74d/1d550a420d4a70a533bfdf0f89f9f74d.jpg?fit=around%7C200%3A200&crop=200%3A200%3B%2A%2C%2A,0,False,1,0,0,True,False,available,0,dish,,,,services,catalogue,,,Non-Veg Tandoor,"{""v"":254880929,""s_ctg"":24402640,""cmb_sel"":0,""cmb"":0,""ff"":false,""ctl_n"":""chicken-tikka""}",,,,,,,,137,2,https://b.zmtcdn.com/data/o2_assets/5d4de18a3d402878965275e9f24656951635253564.png,1,,,,,
Non-Veg Tandoor,Kalmi Kabab (4 Pieces),365.0,4 Leg pieces are cooked with our freshly made andra spice mix in tandoori style. It is a dry dish and is moderately spicy.,non-veg,4.48999977,74 votes,non-veg,delivery-enabled,ctl_210569402,365.0,365.0,365.0,365.0,v_254880930,ctg_15993680,https://b.zmtcdn.com/data/dish_photos/7ed/7ba227822576201b31a89e22239ac7ed.jpg,https://b.zmtcdn.com/data/dish_photos/7ed/7ba227822576201b31a89e22239ac7ed.jpg?fit=around%7C200%3A200&crop=200%3A200%3B%2A%2C%2A,0,False,2,0,0,True,False,available,0,dish,,,,services,catalogue,,,Non-Veg Tandoor,"{""v"":254880930,""s_ctg"":24402640,""cmb_sel"":0,""cmb"":0,""ff"":false,""ctl_n"":""kalmi-kabab-4-pieces-""}",,,,,,,,138,2,https://b.zmtcdn.com/data/o2_assets/5d4de18a3d402878965275e9f24656951635253564.png,1,,,,,
Non-Veg Tandoor,Non Veg Tandoori Today Spl,410.0,,non-veg,3.67000008,9 votes,non-veg,delivery-enabled,ctl_531533765,410.0,410.0,410.0,410.0,v_722701963,ctg_15993680,,,0,False,5,0,0,False,False,available,0,dish,,,,services,catalogue,,,Non-Veg Tandoor,"{""v"":722701963,""s_ctg"":24402640,""cmb_sel"":0,""cmb"":0,""ff"":false,""ctl_n"":""non-veg-tandoori-today-spl""}",,,,,,,,342,2,https://b.zmtcdn.com/data/o2_assets/5d4de18a3d402878965275e9f24656951635253564.png,1,,,,,
Non-Veg Tandoor,Tandoori Chicken Platter,715.0,,non-veg,4.19999981,10 votes,non-veg,delivery-enabled,ctl_289915296,715.0,715.0,715.0,715.0,v_364631489,ctg_15993680,https://b.zmtcdn.com/data/dish_photos/dc1/5d1c8747906ca6d9b40e7b3a0fe33dc1.jpg,https://b.zmtcdn.com/data/dish_photos/dc1/5d1c8747906ca6d9b40e7b3a0fe33dc1.jpg?fit=around%7C200%3A200&crop=200%3A200%3B%2A%2C%2A,0,False,4,0,0,True,False,available,0,dish,,,,services,catalogue,,,Non-Veg Tandoor,"{""v"":364631489,""s_ctg"":24402640,""cmb_sel"":0,""cmb"":0,""ff"":false,""ctl_n"":""tandoori-chicken-platter""}",,,,,,,,259,2,https://b.zmtcdn.com/data/o2_assets/5d4de18a3d402878965275e9f24656951635253564.png,1,,,,,
Rice,Curd Rice,150.0,,veg,4.4000001,94 votes,veg,delivery-enabled,ctl_206539150,150.0,150.0,150.0,150.0,v_249071750,ctg_15575034,https://b.zmtcdn.com/data/dish_photos/5ca/ba85d8aed0e50eed9369d75c4ca8b5ca.jpg,https://b.zmtcdn.com/data/dish_photos/5ca/ba85d8aed0e50eed9369d75c4ca8b5ca.jpg?fit=around%7C200%3A200&crop=200%3A200%3B%2A%2C%2A,0,False,6,0,0,True,False,available,0,dish,,,,home-style-meal,catalogue,,,Rice,"{""v"":249071750,""s_ctg"":23860817,""cmb_sel"":0,""cmb"":0,""ff"":false,""ctl_n"":""curd-rice""}",,,,,,,,76,1,https://b.zmtcdn.com/data/o2_assets/958e4cb4a8b255659daae2c430f976ea1608028693.png,1,,,,,
Rice,Ghee Rice,225.0,Basmati rice is cooked with lots of fried cashews and green chilies. this goes well with all curry and dals,veg,4.36999989,43 votes,veg,delivery-enabled,ctl_206539148,225.0,1098.32,225.0,225.0,v_249071748,ctg_15575034,https://b.zmtcdn.com/data/dish_photos/ac2/97f08f12fff934bdd14a5d0747fdeac2.jpg,https://b.zmtcdn.com/data/dish_photos/ac2/97f08f12fff934bdd14a5d0747fdeac2.jpg?fit=around%7C200%3A200&crop=200%3A200%3B%2A%2C%2A,0,False,4,0,0,True,False,available,0,dish,,,,services,catalogue,,,Rice,"{""v"":249071748,""s_ctg"":23860817,""cmb_sel"":0,""cmb"":0,""ff"":false,""ctl_n"":""ghee-rice""}",,,,,,,,74,1,https://b.zmtcdn.com/data/o2_assets/958e4cb4a8b255659daae2c430f976ea1608028693.png,1,,,mg_117453780,False,"{""exp_no"":1,""default_v_price"":225,""lowest_v_price"":225,""highest_v_price"":225,""total_mgs"":2,""total_v_count"":1,""properties"":-1}"
Rice,Jeera Rice,230.0,,veg,4.40999985,22 votes,veg,delivery-enabled,ctl_206539149,230.0,230.0,230.0,230.0,v_249071749,ctg_15575034,https://b.zmtcdn.com/data/dish_photos/a83/991a6aabc51886271aa998dff8f53a83.jpg,https://b.zmtcdn.com/data/dish_photos/a83/991a6aabc51886271aa998dff8f53a83.jpg?fit=around%7C200%3A200&crop=200%3A200%3B%2A%2C%2A,0,False,5,0,0,True,False,available,0,dish,,,,services,catalogue,,,Rice,"{""v"":249071749,""s_ctg"":23860817,""cmb_sel"":0,""cmb"":0,""ff"":false,""ctl_n"":""jeera-rice""}",,,,,,,,75,1,https://b.zmtcdn.com/data/o2_assets/958e4cb4a8b255659daae2c430f976ea1608028693.png,1,,,,,
Rice,Veg Fried Rice,270.0,"This is a moderately spicy dish and serves two. fresh vegetables are cooked with basic sauces, green chilies, and basmati rice.",veg,4.23999977,38 votes,veg,delivery-enabled,ctl_206539147,270.0,270.0,270.0,270.0,v_249071747,ctg_15575034,https://b.zmtcdn.com/data/dish_photos/55a/85e1ebe7e11676e0a6bafb96b95af55a.jpg,https://b.zmtcdn.com/data/dish_photos/55a/85e1ebe7e11676e0a6bafb96b95af55a.jpg?fit=around%7C200%3A200&crop=200%3A200%3B%2A%2C%2A,0,False,3,0,0,True,False,available,0,dish,,,,services,catalogue,,,Rice,"{""v"":249071747,""s_ctg"":23860817,""cmb_sel"":0,""cmb"":0,""ff"":false,""ctl_n"":""veg-fried-rice""}",,,,,,,,73,1,https://b.zmtcdn.com/data/o2_assets/958e4cb4a8b255659daae2c430f976ea1608028693.png,1,,,,,
Rice,Egg Fried Rice,290.0,Fresh scrambled eggs are cooked with basmati rice and green chilies. this is moderately spicy and serves two.,non-veg,4.34000015,38 votes,non-veg,delivery-enabled,ctl_206539146,290.0,290.0,290.0,290.0,v_249071746,ctg_15575034,https://b.zmtcdn.com/data/dish_photos/644/50bcf7de3107468487e7767232827644.jpg,https://b.zmtcdn.com/data/dish_photos/644/50bcf7de3107468487e7767232827644.jpg?fit=around%7C200%3A200&crop=200%3A200%3B%2A%2C%2A,0,False,2,0,0,True,False,available,0,dish,,,,services,catalogue,,,Rice,"{""v"":249071746,""s_ctg"":23860817,""cmb_sel"":0,""cmb"":0,""ff"":false,""ctl_n"":""egg-fried-rice""}",,,,,,,,72,2,https://b.zmtcdn.com/data/o2_assets/5d4de18a3d402878965275e9f24656951635253564.png,1,,,,,
Rice,Chicken Fried Rice,320.0,"Boneless pieces of chicken are served with a scrambled egg, green chilies, basic sauces, and basmati rice.",non-veg,4.51999998,60 votes,non-veg,delivery-enabled,ctl_206539145,320.0,1193.32,320.0,320.0,v_249071745,ctg_15575034,https://b.zmtcdn.com/data/dish_photos/b3a/08e9362058d109e5040b2c81b1838b3a.jpg,https://b.zmtcdn.com/data/dish_photos/b3a/08e9362058d109e5040b2c81b1838b3a.jpg?fit=around%7C200%3A200&crop=200%3A200%3B%2A%2C%2A,0,False,1,0,0,True,False,available,0,dish,,,,services,catalogue,,,Rice,"{""v"":249071745,""s_ctg"":23860817,""cmb_sel"":0,""cmb"":0,""ff"":false,""ctl_n"":""chicken-fried-rice""}",,,,,,,,71,2,https://b.zmtcdn.com/data/o2_assets/5d4de18a3d402878965275e9f24656951635253564.png,1,,,mg_117453780,False,"{""exp_no"":1,""default_v_price"":320,""lowest_v_price"":320,""highest_v_price"":320,""total_mgs"":2,""total_v_count"":1,""properties"":-1}"
Rice,Meghana Spl Fried Rice,380.0,,non-veg,,,non-veg,delivery-enabled,ctl_540707877,380.0,380.0,380.0,380.0,v_735536912,ctg_15575034,,,0,False,8,0,0,False,False,available,0,dish,,,,services,catalogue,,,Rice,"{""v"":735536912,""s_ctg"":23860817,""cmb_sel"":0,""cmb"":0,""ff"":false,""ctl_n"":""meghana-spl-fried-rice""}",,,,,,,,365,2,https://b.zmtcdn.com/data/o2_assets/5d4de18a3d402878965275e9f24656951635253564.png,1,,,,,
Sea Food Starter,Chilly Fish,380.0,7-8 Pieces of talapia are cooked perfectly with lots of green chilies and our in-house andra spice mix. It is spicy and pan-fried.,non-veg,4.42000008,15 votes,non-veg,delivery-enabled,ctl_206539103,380.0,380.0,380.0,380.0,v_249071703,ctg_15575026,https://b.zmtcdn.com/data/dish_photos/750/acb40dd1fff4f1ee9cc34e7f93906750.jpg,https://b.zmtcdn.com/data/dish_photos/750/acb40dd1fff4f1ee9cc34e7f93906750.jpg?fit=around%7C200%3A200&crop=200%3A200%3B%2A%2C%2A,0,False,3,0,0,True,False,available,0,dish,,,,spicy,catalogue,,,Sea Food Starter,"{""v"":249071703,""s_ctg"":23860809,""cmb_sel"":0,""cmb"":0,""ff"":false,""ctl_n"":""chilly-fish""}",,,,,,,,27,"2,4",https://b.zmtcdn.com/data/o2_assets/5d4de18a3d402878965275e9f24656951635253564.png,1,,,,,
Sea Food Starter,Apollo Fish,385.0,7-8 Pieces of tilapia fish are cooked in a spicy red chilly paste and our in-house andra spice mix. It is pan fried and moderately spicy,non-veg,4.23000002,36 votes,non-veg,delivery-enabled,ctl_206539104,385.0,385.0,385.0,385.0,v_249071704,ctg_15575026,https://b.zmtcdn.com/data/dish_photos/366/2537a0c3abd71f833389ad23af8e4366.jpg,https://b.zmtcdn.com/data/dish_photos/366/2537a0c3abd71f833389ad23af8e4366.jpg?fit=around%7C200%3A200&crop=200%3A200%3B%2A%2C%2A,0,False,4,0,0,True,False,available,0,dish,,,,services,catalogue,,,Sea Food Starter,"{""v"":249071704,""s_ctg"":23860809,""cmb_sel"":0,""cmb"":0,""ff"":false,""ctl_n"":""apollo-fish""}",,,,,,,,28,2,https://b.zmtcdn.com/data/o2_assets/5d4de18a3d402878965275e9f24656951635253564.png,1,,,,,
Sea Food Starter,Chilli Prawns,435.0,15-16 Pieces of fresh prawns are coated with our in-house andra-style spice mix and fried with lots of green chilies. It is pretty spicy.,non-veg,4.32999992,53 votes,non-veg,delivery-enabled,ctl_206539107,435.0,435.0,435.0,435.0,v_249071707,ctg_15575026,https://b.zmtcdn.com/data/dish_photos/879/2cc839ebce9813fd3bb4a0b89d626879.jpg,https://b.zmtcdn.com/data/dish_photos/879/2cc839ebce9813fd3bb4a0b89d626879.jpg?fit=around%7C200%3A200&crop=200%3A200%3B%2A%2C%2A,0,False,6,0,0,True,False,available,0,dish,,,,spicy,catalogue,,,Sea Food Starter,"{""v"":249071707,""s_ctg"":23860809,""cmb_sel"":0,""cmb"":0,""ff"":false,""ctl_n"":""chilli-prawns""}",,,,,,,,31,"2,4",https://b.zmtcdn.com/data/o2_assets/5d4de18a3d402878965275e9f24656951635253564.png,1,,,,,
Sea Food Starter,Prawns Fry,435.0,Fresh prawns 15-16 are cooked with our andra spice mix for extra flavor. it is pan-fried and moderately spicy.,non-veg,4.3499999,48 votes,non-veg,delivery-enabled,ctl_206539108,435.0,435.0,435.0,435.0,v_249071708,ctg_15575026,https://b.zmtcdn.com/data/dish_photos/ef9/f5961cdc0a774b4f2875f1c76ff88ef9.jpg,https://b.zmtcdn.com/data/dish_photos/ef9/f5961cdc0a774b4f2875f1c76ff88ef9.jpg?fit=around%7C200%3A200&crop=200%3A200%3B%2A%2C%2A,0,False,7,0,0,True,False,available,0,dish,,,,spicy,catalogue,,,Sea Food Starter,"{""v"":249071708,""s_ctg"":23860809,""cmb_sel"":0,""cmb"":0,""ff"":false,""ctl_n"":""prawns-fry""}",,,,,,,,32,"2,4",https://b.zmtcdn.com/data/o2_assets/5d4de18a3d402878965275e9f24656951635253564.png,1,,,,,
Veg Biriyani,Veg Biryani Rice,260.0,,veg,4.38999987,161 votes,veg,delivery-enabled,ctl_206539129,260.0,1545.0,260.0,260.0,v_249071729,ctg_15575029,https://b.zmtcdn.com/data/dish_photos/7a8/6f704e1ce89695884a44befd2608b7a8.jpg,https://b.zmtcdn.com/data/dish_photos/7a8/6f704e1ce89695884a44befd2608b7a8.jpg?fit=around%7C200%3A200&crop=200%3A200%3B%2A%2C%2A,0,False,4,0,0,True,False,available,0,dish,,,,services,catalogue,,,Veg Biriyani,"{""v"":249071729,""s_ctg"":23860812,""cmb_sel"":0,""cmb"":0,""ff"":false,""ctl_n"":""veg-biryani-rice""}",,,,,,,,53,1,https://b.zmtcdn.com/data/o2_assets/958e4cb4a8b255659daae2c430f976ea1608028693.png,1,,,mg_104157248,False,"{""exp_no"":1,""default_v_price"":260,""lowest_v_price"":260,""highest_v_price"":260,""total_mgs"":3,""total_v_count"":1,""properties"":-1}"
Veg Biriyani,Aloo Dum Biryani,315.0,Chunks of potatoes marinated and cooked in our freshly made spice blend are topped on this biryani. it is moderately spicy and will serve two people.,veg,4.46000004,233 votes,veg,delivery-enabled,ctl_206539127,315.0,1600.0,315.0,315.0,v_249071727,ctg_15575029,https://b.zmtcdn.com/data/dish_photos/538/ba126a2b14f50dddf388d2ce8cf56538.jpg,https://b.zmtcdn.com/data/dish_photos/538/ba126a2b14f50dddf388d2ce8cf56538.jpg?fit=around%7C200%3A200&crop=200%3A200%3B%2A%2C%2A,0,False,2,0,0,True,False,available,0,dish,,,,services,catalogue,,,Veg Biriyani,"{""v"":249071727,""s_ctg"":23860812,""cmb_sel"":0,""cmb"":0,""ff"":false,""ctl_n"":""aloo-dum-biryani""}",,,,,,,,51,1,https://b.zmtcdn.com/data/o2_assets/958e4cb4a8b255659daae2c430f976ea1608028693.png,1,,,mg_96013888,False,"{""exp_no"":1,""default_v_price"":315,""lowest_v_price"":315,""highest_v_price"":315,""total_mgs"":3,""total_v_count"":1,""properties"":-1}"
Veg Biriyani,Spl Veg Biryani,330.0,,veg,4.42999983,334 votes,veg,delivery-enabled,ctl_206539153,330.0,1615.0,330.0,330.0,v_249071753,ctg_15575029,https://b.zmtcdn.com/data/dish_photos/06a/c699ee0e85745af85fa207b2b304c06a.jpg,https://b.zmtcdn.com/data/dish_photos/06a/c699ee0e85745af85fa207b2b304c06a.jpg?fit=around%7C200%3A200&crop=200%3A200%3B%2A%2C%2A,0,False,5,0,0,True,False,available,0,dish,,,,services,catalogue,,,Veg Biriyani,"{""v"":249071753,""s_ctg"":23860812,""cmb_sel"":0,""cmb"":0,""ff"":false,""ctl_n"":""spl-veg-biryani""}",,,,,,,,89,1,https://b.zmtcdn.com/data/o2_assets/958e4cb4a8b255659daae2c430f976ea1608028693.png,1,,,mg_96013888,False,"{""exp_no"":1,""default_v_price"":330,""lowest_v_price"":330,""highest_v_price"":330,""total_mgs"":3,""total_v_count"":1,""properties"":-1}"
Veg Biriyani,Veg Manchurian Biryani,360.0,,veg,4.38999987,128 votes,veg,delivery-enabled,ctl_415005577,360.0,360.0,360.0,360.0,v_511674879,ctg_15575029,https://b.zmtcdn.com/data/dish_photos/ab6/e3ca9cff73cef4a36d32837d78858ab6.jpg,https://b.zmtcdn.com/data/dish_photos/ab6/e3ca9cff73cef4a36d32837d78858ab6.jpg?fit=around%7C200%3A200&crop=200%3A200%3B%2A%2C%2A,0,False,1,0,0,True,False,available,0,dish,,,,services,catalogue,,,Veg Biriyani,"{""v"":511674879,""s_ctg"":23860812,""cmb_sel"":0,""cmb"":0,""ff"":false,""ctl_n"":""veg-manchurian-biryani""}",,,,,,,,339,1,https://b.zmtcdn.com/data/o2_assets/958e4cb4a8b255659daae2c430f976ea1608028693.png,1,,,,,
Veg Biriyani,Paneer Biryani,365.0,Fresh pieces of paneer are marinated in a specially prepared spice blend for maximum flavor. it serves two and is slightly spicy.,veg,4.51000023,1071 votes,veg,delivery-enabled,ctl_206539128,365.0,1650.0,365.0,365.0,v_249071728,ctg_15575029,https://b.zmtcdn.com/data/dish_photos/e3e/3cbd6cf28731f5dadde865a4db130e3e.jpg,https://b.zmtcdn.com/data/dish_photos/e3e/3cbd6cf28731f5dadde865a4db130e3e.jpg?fit=around%7C200%3A200&crop=200%3A200%3B%2A%2C%2A,0,False,3,0,0,True,False,available,0,dish,,,,services,catalogue,,,Veg Biriyani,"{""v"":249071728,""s_ctg"":23860812,""cmb_sel"":0,""cmb"":0,""ff"":false,""ctl_n"":""paneer-biryani""}",,,,,,,,52,1,https://b.zmtcdn.com/data/o2_assets/958e4cb4a8b255659daae2c430f976ea1608028693.png,1,,,mg_96013888,False,"{""exp_no"":1,""default_v_price"":365,""lowest_v_price"":365,""highest_v_price"":365,""total_mgs"":3,""total_v_count"":1,""properties"":-1}"
Veg Biriyani,Mushroom Biryani,365.0,The mushrooms are coated in our andra spice mix that we make fresh every day. it is slightly spicy and will serve two people.,veg,4.42999983,306 votes,veg,delivery-enabled,ctl_206539154,365.0,1650.0,365.0,365.0,v_249071754,ctg_15575029,https://b.zmtcdn.com/data/dish_photos/9af/35354352e5132942f9edc841876639af.jpg,https://b.zmtcdn.com/data/dish_photos/9af/35354352e5132942f9edc841876639af.jpg?fit=around%7C200%3A200&crop=200%3A200%3B%2A%2C%2A,0,False,6,0,0,True,False,available,0,dish,,,,services,catalogue,,,Veg Biriyani,"{""v"":249071754,""s_ctg"":23860812,""cmb_sel"":0,""cmb"":0,""ff"":false,""ctl_n"":""mushroom-biryani""}",,,,,,,,90,1,https://b.zmtcdn.com/data/o2_assets/958e4cb4a8b255659daae2c430f976ea1608028693.png,1,,,mg_96013888,False,"{""exp_no"":1,""default_v_price"":365,""lowest_v_price"":365,""highest_v_price"":365,""total_mgs"":3,""total_v_count"":1,""properties"":-1}"
Veg Curries,Dal Fry,190.0,Dal is cooked and topped with our andra spice mix for extra taste. this is spicy and goes well with both rice and roti.,veg,4.42999983,56 votes,veg,delivery-enabled,ctl_206539143,190.0,190.0,190.0,190.0,v_249071743,ctg_15575032,https://b.zmtcdn.com/data/dish_photos/c57/1a9f0b875845bf2aa197f08f50665c57.jpg,https://b.zmtcdn.com/data/dish_photos/c57/1a9f0b875845bf2aa197f08f50665c57.jpg?fit=around%7C200%3A200&crop=200%3A200%3B%2A%2C%2A,0,False,11,0,0,True,False,available,0,dish,,,,services,catalogue,,,Veg Curries,"{""v"":249071743,""s_ctg"":23860815,""cmb_sel"":0,""cmb"":0,""ff"":false,""ctl_n"":""dal-fry""}",,,,,,,,68,1,https://b.zmtcdn.com/data/o2_assets/958e4cb4a8b255659daae2c430f976ea1608028693.png,1,,,,,
Veg Curries,Tomato Curry,230.0,,veg,4.48000002,5 votes,veg,delivery-enabled,ctl_206539142,230.0,230.0,230.0,230.0,v_249071742,ctg_15575032,https://b.zmtcdn.com/data/dish_photos/286/b1d35a62b95add9bb7bfe5abcf0a0286.jpg,https://b.zmtcdn.com/data/dish_photos/286/b1d35a62b95add9bb7bfe5abcf0a0286.jpg?fit=around%7C200%3A200&crop=200%3A200%3B%2A%2C%2A,0,False,10,0,0,True,False,available,0,dish,,,,services,catalogue,,,Veg Curries,"{""v"":249071742,""s_ctg"":23860815,""cmb_sel"":0,""cmb"":0,""ff"":false,""ctl_n"":""tomato-curry""}",,,,,,,,67,1,https://b.zmtcdn.com/data/o2_assets/958e4cb4a8b255659daae2c430f976ea1608028693.png,1,,,,,
Veg Curries,Veg Kadai,285.0,Fresh vegetables are cooked in a spicy andra-style curry and is finished in a kadhai for a smoky flavor. this is a spicy dish and serves two.,veg,4.26000023,29 votes,veg,delivery-enabled,ctl_206539136,285.0,285.0,285.0,285.0,v_249071736,ctg_15575032,https://b.zmtcdn.com/data/dish_photos/833/cfdd775380e7722287ff88afca718833.jpg,https://b.zmtcdn.com/data/dish_photos/833/cfdd775380e7722287ff88afca718833.jpg?fit=around%7C200%3A200&crop=200%3A200%3B%2A%2C%2A,0,False,4,0,0,True,False,available,0,dish,,,,services,catalogue,,,Veg Curries,"{""v"":249071736,""s_ctg"":23860815,""cmb_sel"":0,""cmb"":0,""ff"":false,""ctl_n"":""veg-kadai""}",,,,,,,,61,1,https://b.zmtcdn.com/data/o2_assets/958e4cb4a8b255659daae2c430f976ea1608028693.png,1,,,,,
Veg Curries,Green Peas Curry,285.0,,veg,4.86999989,8 votes,veg,delivery-enabled,ctl_206539138,285.0,285.0,285.0,285.0,v_249071738,ctg_15575032,https://b.zmtcdn.com/data/dish_photos/86d/d455d315f25124f6a25d4df6a6c8d86d.jpg,https://b.zmtcdn.com/data/dish_photos/86d/d455d315f25124f6a25d4df6a6c8d86d.jpg?fit=around%7C200%3A200&crop=200%3A200%3B%2A%2C%2A,0,False,6,0,0,True,False,available,0,dish,,,,services,catalogue,,,Veg Curries,"{""v"":249071738,""s_ctg"":23860815,""cmb_sel"":0,""cmb"":0,""ff"":false,""ctl_n"":""green-peas-curry""}",,,,,,,,63,1,https://b.zmtcdn.com/data/o2_assets/958e4cb4a8b255659daae2c430f976ea1608028693.png,1,,,,,
Veg Curries,Aloo Matar Curry,285.0,,veg,,,veg,delivery-enabled,ctl_206539139,285.0,285.0,285.0,285.0,v_249071739,ctg_15575032,,,0,False,7,0,0,False,False,available,0,dish,,,,services,catalogue,,,Veg Curries,"{""v"":249071739,""s_ctg"":23860815,""cmb_sel"":0,""cmb"":0,""ff"":false,""ctl_n"":""aloo-matar-curry""}",,,,,,,,64,1,https://b.zmtcdn.com/data/o2_assets/958e4cb4a8b255659daae2c430f976ea1608028693.png,1,,,,,
Veg Curries,Mix Vegetable Curry,300.0,,veg,,,veg,delivery-enabled,ctl_531533753,300.0,300.0,300.0,300.0,v_722701951,ctg_15575032,,,0,False,1,0,0,False,False,available,0,dish,,,,services,catalogue,,,Veg Curries,"{""v"":722701951,""s_ctg"":23860815,""cmb_sel"":0,""cmb"":0,""ff"":false,""ctl_n"":""mix-vegetable-curry""}",,,,,,,,126,1,https://b.zmtcdn.com/data/o2_assets/958e4cb4a8b255659daae2c430f976ea1608028693.png,1,,,,,
Veg Curries,Veg Hyderabadi curry,300.0,,veg,,,veg,delivery-enabled,ctl_499202769,300.0,300.0,300.0,300.0,v_626238426,ctg_15575032,,,0,False,2,0,0,False,False,available,0,dish,,,,services,catalogue,,,Veg Curries,"{""v"":626238426,""s_ctg"":23860815,""cmb_sel"":0,""cmb"":0,""ff"":false,""ctl_n"":""veg-hyderabadi-curry""}",,,,,,,,152,1,https://b.zmtcdn.com/data/o2_assets/958e4cb4a8b255659daae2c430f976ea1608028693.png,1,,,,,
Veg Curries,Palak Paneer Curry,340.0,,veg,4.23000002,15 votes,veg,delivery-enabled,ctl_206539137,340.0,340.0,340.0,340.0,v_249071737,ctg_15575032,https://b.zmtcdn.com/data/dish_photos/b31/5c42c1390a4f1ba7362328f51dc60b31.jpg,https://b.zmtcdn.com/data/dish_photos/b31/5c42c1390a4f1ba7362328f51dc60b31.jpg?fit=around%7C200%3A200&crop=200%3A200%3B%2A%2C%2A,0,False,5,0,0,True,False,available,0,dish,,,,services,catalogue,,,Veg Curries,"{""v"":249071737,""s_ctg"":23860815,""cmb_sel"":0,""cmb"":0,""ff"":false,""ctl_n"":""palak-paneer-curry""}",,,,,,,,62,1,https://b.zmtcdn.com/data/o2_assets/958e4cb4a8b255659daae2c430f976ea1608028693.png,1,,,,,
Veg Curries,Paneer Butter Masala,355.0,Fresh pieces of paneer are coated in our in-house andra spice masala and cooked in spicy gravy. this curry is moderately spicy.,veg,4.5,84 votes,veg,delivery-enabled,ctl_206539140,355.0,355.0,355.0,355.0,v_249071740,ctg_15575032,https://b.zmtcdn.com/data/dish_photos/9ca/c6a1e8d9e70db2764fc378e9428f39ca.jpg,https://b.zmtcdn.com/data/dish_photos/9ca/c6a1e8d9e70db2764fc378e9428f39ca.jpg?fit=around%7C200%3A200&crop=200%3A200%3B%2A%2C%2A,0,False,8,0,0,True,False,available,0,dish,,,,services,catalogue,,,Veg Curries,"{""v"":249071740,""s_ctg"":23860815,""cmb_sel"":0,""cmb"":0,""ff"":false,""ctl_n"":""paneer-butter-masala""}",,,,,,,,65,1,https://b.zmtcdn.com/data/o2_assets/958e4cb4a8b255659daae2c430f976ea1608028693.png,1,,,,,
Veg Curries,Mushroom Masala,355.0,,veg,4.3499999,23 votes,veg,delivery-enabled,ctl_206539141,355.0,355.0,355.0,355.0,v_249071741,ctg_15575032,https://b.zmtcdn.com/data/dish_photos/c70/3546063a02a32c8ceb78287b3d1a3c70.jpg,https://b.zmtcdn.com/data/dish_photos/c70/3546063a02a32c8ceb78287b3d1a3c70.jpg?fit=around%7C200%3A200&crop=200%3A200%3B%2A%2C%2A,0,False,9,0,0,True,False,available,0,dish,,,,services,catalogue,,,Veg Curries,"{""v"":249071741,""s_ctg"":23860815,""cmb_sel"":0,""cmb"":0,""ff"":false,""ctl_n"":""mushroom-masala""}",,,,,,,,66,1,https://b.zmtcdn.com/data/o2_assets/958e4cb4a8b255659daae2c430f976ea1608028693.png,1,,,,,
Veg Curries,Kaju Masala,365.0,,veg,4.23999977,22 votes,veg,delivery-enabled,ctl_389161323,365.0,365.0,365.0,365.0,v_481973287,ctg_15575032,https://b.zmtcdn.com/data/dish_photos/126/4306ec5b98b69ebbde303b4a67a5e126.jpg,https://b.zmtcdn.com/data/dish_photos/126/4306ec5b98b69ebbde303b4a67a5e126.jpg?fit=around%7C200%3A200&crop=200%3A200%3B%2A%2C%2A,0,False,3,0,0,True,False,available,0,dish,,,,services,catalogue,,,Veg Curries,"{""v"":481973287,""s_ctg"":23860815,""cmb_sel"":0,""cmb"":0,""ff"":false,""ctl_n"":""kaju-masala""}",,,,,,,,338,1,https://b.zmtcdn.com/data/o2_assets/958e4cb4a8b255659daae2c430f976ea1608028693.png,1,,,,,
Veg Starter,Gobi Manchurian,295.0,This is a semi-gravy dish and is moderately spicy. pieces of gobi are coated and fried crispy and cooked with our special spice mix with sauces for flavor.,veg,3.99000001,65 votes,veg,delivery-enabled,ctl_531533752,295.0,295.0,295.0,295.0,v_722701950,ctg_15575024,https://b.zmtcdn.com/data/dish_photos/030/376a6af15c392f9612448a0f1ec42030.jpg,https://b.zmtcdn.com/data/dish_photos/030/376a6af15c392f9612448a0f1ec42030.jpg?fit=around%7C200%3A200&crop=200%3A200%3B%2A%2C%2A,0,False,3,0,0,True,False,available,0,dish,,,,services,catalogue,,,Veg Starter,"{""v"":722701950,""s_ctg"":23860807,""cmb_sel"":0,""cmb"":0,""ff"":false,""ctl_n"":""gobi-manchurian""}",,,,,,,,125,1,https://b.zmtcdn.com/data/o2_assets/958e4cb4a8b255659daae2c430f976ea1608028693.png,1,,,,,
Veg Starter,Chilly Gobi,295.0,This is a spicy dish. pieces of gobi are cooked with our in-house andra spice mix and finished in a pan with a lot of fresh green chilies.,veg,4.23000002,11 votes,veg,delivery-enabled,ctl_206539083,295.0,295.0,295.0,295.0,v_249071683,ctg_15575024,https://b.zmtcdn.com/data/dish_photos/57e/11c758779ab943d763efa0f03c22157e.jpg,https://b.zmtcdn.com/data/dish_photos/57e/11c758779ab943d763efa0f03c22157e.jpg?fit=around%7C200%3A200&crop=200%3A200%3B%2A%2C%2A,0,False,11,0,0,True,False,available,0,dish,,,,spicy,catalogue,,,Veg Starter,"{""v"":249071683,""s_ctg"":23860807,""cmb_sel"":0,""cmb"":0,""ff"":false,""ctl_n"":""chilly-gobi""}",,,,,,,,7,"1,4",https://b.zmtcdn.com/data/o2_assets/958e4cb4a8b255659daae2c430f976ea1608028693.png,1,,,,,
Veg Starter,Gobi 65,295.0,The gobi is coated and fried in our freshly made andra spice mix with curry leaves. this is a moderately spicy dish.,veg,4.71000004,18 votes,veg,delivery-enabled,ctl_206539084,295.0,295.0,295.0,295.0,v_249071684,ctg_15575024,https://b.zmtcdn.com/data/dish_photos/e28/6bac2791cff55d1466cafe5546667e28.jpg,https://b.zmtcdn.com/data/dish_photos/e28/6bac2791cff55d1466cafe5546667e28.jpg?fit=around%7C200%3A200&crop=200%3A200%3B%2A%2C%2A,0,False,12,0,0,True,False,available,0,dish,,,,spicy,catalogue,,,Veg Starter,"{""v"":249071684,""s_ctg"":23860807,""cmb_sel"":0,""cmb"":0,""ff"":false,""ctl_n"":""gobi-65""}",,,,,,,,8,"1,4",https://b.zmtcdn.com/data/o2_assets/958e4cb4a8b255659daae2c430f976ea1608028693.png,1,,,,,
Veg Starter,Chilly Babycorn,325.0,Babycorn is coated in our andra spice mix and fried with lots of green chilies and curry leaves. a spicy dish,veg,4.38999987,15 votes,veg,delivery-enabled,ctl_276808896,325.0,325.0,325.0,325.0,v_348994016,ctg_15575024,https://b.zmtcdn.com/data/dish_photos/b70/d4d603ae4d0e89084b64d3db64988b70.jpg,https://b.zmtcdn.com/data/dish_photos/b70/d4d603ae4d0e89084b64d3db64988b70.jpg?fit=around%7C200%3A200&crop=200%3A200%3B%2A%2C%2A,0,False,2,0,0,True,False,available,0,dish,,,,spicy,catalogue,,,Veg Starter,"{""v"":348994016,""s_ctg"":23860807,""cmb_sel"":0,""cmb"":0,""ff"":false,""ctl_n"":""chilly-babycorn""}",,,,,,,,124,"1,4",https://b.zmtcdn.com/data/o2_assets/958e4cb4a8b255659daae2c430f976ea1608028693.png,1,,,,,
Veg Starter,Baby Corn Manchurian,325.0,,veg,4.05000019,37 votes,veg,delivery-enabled,ctl_531533757,325.0,325.0,325.0,325.0,v_722701955,ctg_15575024,https://b.zmtcdn.com/data/dish_photos/caf/35c9d898248cb497f35f28263747bcaf.jpg,https://b.zmtcdn.com/data/dish_photos/caf/35c9d898248cb497f35f28263747bcaf.jpg?fit=around%7C200%3A200&crop=200%3A200%3B%2A%2C%2A,0,False,5,0,0,True,False,available,0,dish,,,,services,catalogue,,,Veg Starter,"{""v"":722701955,""s_ctg"":23860807,""cmb_sel"":0,""cmb"":0,""ff"":false,""ctl_n"":""baby-corn-manchurian""}",,,,,,,,148,1,https://b.zmtcdn.com/data/o2_assets/958e4cb4a8b255659daae2c430f976ea1608028693.png,1,,,,,
Veg Starter,Golden Baby Corn,330.0,Babycorn is coated in our in-house andra spice mix batter and fried golden. this is not a moderately spicy dish and has 12-15 pieces of babycorn in it.,veg,4.30000019,62 votes,veg,delivery-enabled,ctl_206539082,330.0,330.0,330.0,330.0,v_249071682,ctg_15575024,https://b.zmtcdn.com/data/dish_photos/032/78590d630d1ef2b27f01be6e5b865032.jpg,https://b.zmtcdn.com/data/dish_photos/032/78590d630d1ef2b27f01be6e5b865032.jpg?fit=around%7C200%3A200&crop=200%3A200%3B%2A%2C%2A,0,False,10,0,0,True,False,available,0,dish,,,,services,catalogue,,,Veg Starter,"{""v"":249071682,""s_ctg"":23860807,""cmb_sel"":0,""cmb"":0,""ff"":false,""ctl_n"":""golden-baby-corn""}",,,,,,,,6,1,https://b.zmtcdn.com/data/o2_assets/958e4cb4a8b255659daae2c430f976ea1608028693.png,1,,,,,
Veg Starter,Mushroom Manchurian,335.0,,veg,3.71000004,10 votes,veg,delivery-enabled,ctl_531533758,335.0,335.0,335.0,335.0,v_722701956,ctg_15575024,https://b.zmtcdn.com/data/dish_photos/a41/0918638d79382448c96f4081adc8ba41.jpg,https://b.zmtcdn.com/data/dish_photos/a41/0918638d79382448c96f4081adc8ba41.jpg?fit=around%7C200%3A200&crop=200%3A200%3B%2A%2C%2A,0,False,6,0,0,True,False,available,0,dish,,,,services,catalogue,,,Veg Starter,"{""v"":722701956,""s_ctg"":23860807,""cmb_sel"":0,""cmb"":0,""ff"":false,""ctl_n"":""mushroom-manchurian""}",,,,,,,,149,1,https://b.zmtcdn.com/data/o2_assets/958e4cb4a8b255659daae2c430f976ea1608028693.png,1,,,,,
Veg Starter,Veg Manchurian,335.0,,veg,4.28000021,14 votes,veg,delivery-enabled,ctl_291545504,335.0,335.0,335.0,335.0,v_366556987,ctg_15575024,https://b.zmtcdn.com/data/dish_photos/77b/123e0b3d55ee22d000916677790d077b.jpg,https://b.zmtcdn.com/data/dish_photos/77b/123e0b3d55ee22d000916677790d077b.jpg?fit=around%7C200%3A200&crop=200%3A200%3B%2A%2C%2A,0,False,7,0,0,True,False,available,0,dish,,,,services,catalogue,,,Veg Starter,"{""v"":366556987,""s_ctg"":23860807,""cmb_sel"":0,""cmb"":0,""ff"":false,""ctl_n"":""veg-manchurian""}",,,,,,,,169,1,https://b.zmtcdn.com/data/o2_assets/958e4cb4a8b255659daae2c430f976ea1608028693.png,1,,,,,
Veg Starter,Chilly Mushroom,345.0,12-15 Pieces of mushroom are coated in our andra spice mix batter and fried with fresh green chilies for extra spice. This is a spicy dish.,veg,4.26000023,43 votes,veg,delivery-enabled,ctl_206539086,345.0,345.0,345.0,345.0,v_249071686,ctg_15575024,https://b.zmtcdn.com/data/dish_photos/b14/d09488acecf64321dd51ade1447fbb14.jpg,https://b.zmtcdn.com/data/dish_photos/b14/d09488acecf64321dd51ade1447fbb14.jpg?fit=around%7C200%3A200&crop=200%3A200%3B%2A%2C%2A,0,False,1,0,0,True,False,available,0,dish,,,,spicy,catalogue,,,Veg Starter,"{""v"":249071686,""s_ctg"":23860807,""cmb_sel"":0,""cmb"":0,""ff"":false,""ctl_n"":""chilly-mushroom""}",,,,,,,,10,"1,4",https://b.zmtcdn.com/data/o2_assets/958e4cb4a8b255659daae2c430f976ea1608028693.png,1,,,,,
Veg Starter,Mushroom 65,345.0,"Fresh mushroom is coated, fried, and finished in a pan with our freshly made spice mix masala. this is a moderately spicy dish.",veg,4.6500001,14 votes,veg,delivery-enabled,ctl_206539085,345.0,345.0,345.0,345.0,v_249071685,ctg_15575024,https://b.zmtcdn.com/data/dish_photos/1d9/d7d421b19288f01ef154601e717041d9.jpg,https://b.zmtcdn.com/data/dish_photos/1d9/d7d421b19288f01ef154601e717041d9.jpg?fit=around%7C200%3A200&crop=200%3A200%3B%2A%2C%2A,0,False,13,0,0,True,False,available,0,dish,,,,spicy,catalogue,,,Veg Starter,"{""v"":249071685,""s_ctg"":23860807,""cmb_sel"":0,""cmb"":0,""ff"":false,""ctl_n"":""mushroom-65""}",,,,,,,,9,"1,4",https://b.zmtcdn.com/data/o2_assets/958e4cb4a8b255659daae2c430f976ea1608028693.png,1,,,,,
Veg Starter,Paneer Manchurian,350.0,Pieces of paneer are coated with our special andra batter and fried with curry leaves and green chilies for extra flavor.,veg,4.44000006,46 votes,veg,delivery-enabled,ctl_531533756,350.0,350.0,350.0,350.0,v_722701954,ctg_15575024,https://b.zmtcdn.com/data/dish_photos/538/0e658a7971fc157c8f8a66d798db1538.jpg,https://b.zmtcdn.com/data/dish_photos/538/0e658a7971fc157c8f8a66d798db1538.jpg?fit=around%7C200%3A200&crop=200%3A200%3B%2A%2C%2A,0,False,4,0,0,True,False,available,0,dish,,,,services,catalogue,,,Veg Starter,"{""v"":722701954,""s_ctg"":23860807,""cmb_sel"":0,""cmb"":0,""ff"":false,""ctl_n"":""paneer-manchurian""}",,,,,,,,147,1,https://b.zmtcdn.com/data/o2_assets/958e4cb4a8b255659daae2c430f976ea1608028693.png,1,,,,,
Veg Starter,Paneer 65,360.0,12-15 Pieces of paneer are marinated in our andra spice mix and pan-fried with curry leaves. It is moderately spicy.,veg,4.44999981,62 votes,veg,delivery-enabled,ctl_206539080,360.0,360.0,360.0,360.0,v_249071680,ctg_15575024,https://b.zmtcdn.com/data/dish_photos/da3/d71ffc2ed61de7a2e44ba376c37b2da3.jpg,https://b.zmtcdn.com/data/dish_photos/da3/d71ffc2ed61de7a2e44ba376c37b2da3.jpg?fit=around%7C200%3A200&crop=200%3A200%3B%2A%2C%2A,0,False,8,0,0,True,False,available,0,dish,,,,spicy,catalogue,,,Veg Starter,"{""v"":249071680,""s_ctg"":23860807,""cmb_sel"":0,""cmb"":0,""ff"":false,""ctl_n"":""paneer-65""}",,,,,,,,4,"1,4",https://b.zmtcdn.com/data/o2_assets/958e4cb4a8b255659daae2c430f976ea1608028693.png,1,,,,,
Veg Starter,Chilly Paneer,360.0,,veg,4.42000008,61 votes,veg,delivery-enabled,ctl_206539081,360.0,360.0,360.0,360.0,v_249071681,ctg_15575024,https://b.zmtcdn.com/data/dish_photos/f73/63ae1c6e8b2cfff4b2859d061bc41f73.jpg,https://b.zmtcdn.com/data/dish_photos/f73/63ae1c6e8b2cfff4b2859d061bc41f73.jpg?fit=around%7C200%3A200&crop=200%3A200%3B%2A%2C%2A,0,False,9,0,0,True,False,available,0,dish,,,,spicy,catalogue,,,Veg Starter,"{""v"":249071681,""s_ctg"":23860807,""cmb_sel"":0,""cmb"":0,""ff"":false,""ctl_n"":""chilly-paneer""}",,,,,,,,5,"1,4",https://b.zmtcdn.com/data/o2_assets/958e4cb4a8b255659daae2c430f976ea1608028693.png,1,,,,,
Veg Starter,Paneer Ghee Roast,385.0,,veg,,,veg,delivery-enabled,ctl_622838115,385.0,385.0,385.0,385.0,v_845649354,ctg_15575024,,,0,False,14,0,0,False,False,available,0,dish,,,,services,catalogue,,,Veg Starter,"{""v"":845649354,""s_ctg"":23860807,""cmb_sel"":0,""cmb"":0,""ff"":false,""ctl_n"":""paneer-ghee-roast""}",,,,,,,,380,1,https://b.zmtcdn.com/data/o2_assets/958e4cb4a8b255659daae2c430f976ea1608028693.png,1,,,,,
Veg Starter,Paneer Kabab,385.0,,veg,3.99000001,8 votes,veg,delivery-enabled,ctl_586878551,385.0,385.0,385.0,385.0,v_799879795,ctg_15575024,,,0,False,15,0,0,False,False,available,0,dish,,,,services,catalogue,,,Veg Starter,"{""v"":799879795,""s_ctg"":23860807,""cmb_sel"":0,""cmb"":0,""ff"":false,""ctl_n"":""paneer-kabab""}",,,,,,,,378,1,https://b.zmtcdn.com/data/o2_assets/958e4cb4a8b255659daae2c430f976ea1608028693.png,1,,,,,
Veg Tandoor,Veg Seekh Kabab,285.0,,veg,4.63000011,8 votes,veg,delivery-enabled,ctl_531557341,285.0,285.0,285.0,285.0,v_722733917,ctg_15993679,https://b.zmtcdn.com/data/dish_photos/ccd/78833e03d4b31e7673fc54bd4f46eccd.jpg,https://b.zmtcdn.com/data/dish_photos/ccd/78833e03d4b31e7673fc54bd4f46eccd.jpg?fit=around%7C200%3A200&crop=200%3A200%3B%2A%2C%2A,0,False,2,0,0,True,False,available,0,dish,,,,services,catalogue,,,Veg Tandoor,"{""v"":722733917,""s_ctg"":24402639,""cmb_sel"":0,""cmb"":0,""ff"":false,""ctl_n"":""veg-seekh-kabab""}",,,,,,,,154,1,https://b.zmtcdn.com/data/o2_assets/958e4cb4a8b255659daae2c430f976ea1608028693.png,1,,,,,
Veg Tandoor,Aloo Tikka,305.0,,veg,,,veg,delivery-enabled,ctl_210569413,305.0,305.0,305.0,305.0,v_254880941,ctg_15993679,,,0,False,3,0,0,False,False,available,0,dish,,,,services,catalogue,,,Veg Tandoor,"{""v"":254880941,""s_ctg"":24402639,""cmb_sel"":0,""cmb"":0,""ff"":false,""ctl_n"":""aloo-tikka""}",,,,,,,,157,1,https://b.zmtcdn.com/data/o2_assets/958e4cb4a8b255659daae2c430f976ea1608028693.png,1,,,,,
Veg Tandoor,Paneer Tikka,345.0,,veg,4.51999998,29 votes,veg,delivery-enabled,ctl_210569411,345.0,345.0,345.0,345.0,v_254880939,ctg_15993679,https://b.zmtcdn.com/data/dish_photos/334/9d687980e46e88e272798a7dffd9e334.jpg,https://b.zmtcdn.com/data/dish_photos/334/9d687980e46e88e272798a7dffd9e334.jpg?fit=around%7C200%3A200&crop=200%3A200%3B%2A%2C%2A,0,False,1,0,0,True,False,available,0,dish,,,,services,catalogue,,,Veg Tandoor,"{""v"":254880939,""s_ctg"":24402639,""cmb_sel"":0,""cmb"":0,""ff"":false,""ctl_n"":""paneer-tikka""}",,,,,,,,153,1,https://b.zmtcdn.com/data/o2_assets/958e4cb4a8b255659daae2c430f976ea1608028693.png,1,,,,,
