category,item_name,price,desc,dietary_slugs,tag_slugs,service_slugs,id,min_price,max_price,default_price,display_price,variant_id,parent_menu_id,image_url,image_thumb_url,always_show_on_checkout,is_bogo_active,order,auto_add,auto_add_quantity,show_image,visible,state,rating,free_dish_quantity,type,added_bottom_text_field,not_added_bottom_text_field,disabled_text,secondary_tag_slugs,entity_type,primary_tag_slug,food_legends,search_alias,metadata,added_bottom_text,not_added_bottom_text,not_added_bottom_text_color,remove_popup_text,auto_add_toast_message,auto_already_added_toast_message,remove_popup_title,vendor_id,tag_ids,tag_image,hide_in_meals_menu,modifier_group_ids,enable_customisation_on_cart,customisation_tracking_metadata
Afternoon Special Snacks (A La Carte),Panuozzo - Mushroom & Bell Peppers,329.0,"Bell pepper, mushroom, caramalized onion pizza sandwich",veg,veg,delivery-enabled,ctl_675731513,329.0,329.0,329.0,329.0,v_909365855,ctg_49258089,https://b.zmtcdn.com/data/dish_photos/bb3/3d50fa0f3e4442f97d94b62bbf2e4bb3.png,https://b.zmtcdn.com/data/dish_photos/bb3/3d50fa0f3e4442f97d94b62bbf2e4bb3.png?fit=around%7C200%3A200&crop=200%3A200%3B%2A%2C%2A,0,False,1,0,0,True,False,available,,0,dish,,,,services,catalogue,,,Afternoon Special Snacks (A La Carte),"{""v"":909365855,""s_ctg"":72194058,""cmb_sel"":0,""cmb"":0,""ff"":false,""ctl_n"":""panuozzo---mushroom-bell-peppers""}",,,,,,,,SS-151,1,https://b.zmtcdn.com/data/o2_assets/958e4cb4a8b255659daae2c430f976ea1608028693.png,1,,,
Afternoon Special Snacks (A La Carte),Panuozzo - Eggplant Parmigiana,329.0,"Eggplant parmigiana, Basil pesto and spicy sauce Panuozzo",veg,veg,delivery-enabled,ctl_675731457,329.0,329.0,329.0,329.0,v_909365799,ctg_49258089,https://b.zmtcdn.com/data/dish_photos/427/3469d3dbb6cc9c7fcd591b6b83d0d427.png,https://b.zmtcdn.com/data/dish_photos/427/3469d3dbb6cc9c7fcd591b6b83d0d427.png?fit=around%7C200%3A200&crop=200%3A200%3B%2A%2C%2A,0,False,2,0,0,True,False,available,,0,dish,,,,services,catalogue,,,Afternoon Special Snacks (A La Carte),"{""v"":909365799,""s_ctg"":72194058,""cmb_sel"":0,""cmb"":0,""ff"":false,""ctl_n"":""panuozzo---eggplant-parmigiana""}",,,,,,,,15,1,https://b.zmtcdn.com/data/o2_assets/958e4cb4a8b255659daae2c430f976ea1608028693.png,1,,,
Afternoon Special Snacks (A La Carte),Panuozzo - Cherry Tomato & Olives,329.0,"Kalamata olives and Cherry Tomato confit, panuozzo",veg,veg,delivery-enabled,ctl_675731459,329.0,329.0,329.0,329.0,v_909365801,ctg_49258089,https://b.zmtcdn.com/data/dish_photos/7df/c8026646a663637cc4818ec3c87b37df.png,https://b.zmtcdn.com/data/dish_photos/7df/c8026646a663637cc4818ec3c87b37df.png?fit=around%7C200%3A200&crop=200%3A200%3B%2A%2C%2A,0,False,4,0,0,True,False,available,,0,dish,,,,services,catalogue,,,Afternoon Special Snacks (A La Carte),"{""v"":909365801,""s_ctg"":72194058,""cmb_sel"":0,""cmb"":0,""ff"":false,""ctl_n"":""panuozzo---cherry-tomato-olives""}",,,,,,,,17,1,https://b.zmtcdn.com/data/o2_assets/958e4cb4a8b255659daae2c430f976ea1608028693.png,1,,,
Afternoon Special Snacks (A La Carte),Panuozzo - Roasted Chicken With Pesto,379.0,"Roasted Chicken, Cow mozzarella Panuozzo",non-veg,non-veg,delivery-enabled,ctl_675731458,379.0,379.0,379.0,379.0,v_909365800,ctg_49258089,https://b.zmtcdn.com/data/dish_photos/091/0045f1596e4418698e5ccc710cb1f091.png,https://b.zmtcdn.com/data/dish_photos/091/0045f1596e4418698e5ccc710cb1f091.png?fit=around%7C200%3A200&crop=200%3A200%3B%2A%2C%2A,0,False,3,0,0,True,False,available,,0,dish,,,,services,catalogue,,,Afternoon Special Snacks (A La Carte),"{""v"":909365800,""s_ctg"":72194058,""cmb_sel"":0,""cmb"":0,""ff"":false,""ctl_n"":""panuozzo---roasted-chicken-with-pesto""}",,,,,,,,16,2,https://b.zmtcdn.com/data/o2_assets/5d4de18a3d402878965275e9f24656951635253564.png,1,,,
Afternoon Special Snacks (A La Carte),Premium Belgian Roasted Pork Bacon Panuozzo,449.0,"fior di latte, Basil pesto, spicy sauce, Roasted Bacon, Blue cheese, arugula, Caremalized Onion, Parmesan",non-veg,non-veg,delivery-enabled,ctl_675731523,449.0,449.0,449.0,449.0,v_909365865,ctg_49258089,https://b.zmtcdn.com/data/dish_photos/0af/5ab193f2baf179420c46eb184217b0af.png,https://b.zmtcdn.com/data/dish_photos/0af/5ab193f2baf179420c46eb184217b0af.png?fit=around%7C200%3A200&crop=200%3A200%3B%2A%2C%2A,0,False,5,0,0,True,False,available,,0,dish,,,,services,catalogue,,,Afternoon Special Snacks (A La Carte),"{""v"":909365865,""s_ctg"":72194058,""cmb_sel"":0,""cmb"":0,""ff"":false,""ctl_n"":""premium-belgian-roasted-pork-bacon-panuozzo""}",,,,,,,,NEW-11,2,https://b.zmtcdn.com/data/o2_assets/5d4de18a3d402878965275e9f24656951635253564.png,1,,,
Bites To Start,Focaccia Al Rosmarino,229.0,"Sourdough pizza dough, Maldon sea salt flakes, rosemary, EVOO",veg,veg,delivery-enabled,ctl_675731499,229.0,229.0,229.0,229.0,v_909365841,ctg_49258080,https://b.zmtcdn.com/data/dish_photos/2f0/5bae8626d80c0fe6dc2f850d6bb682f0.png,https://b.zmtcdn.com/data/dish_photos/2f0/5bae8626d80c0fe6dc2f850d6bb682f0.png?fit=around%7C200%3A200&crop=200%3A200%3B%2A%2C%2A,0,False,1,0,0,True,False,available,,0,dish,,,,services,catalogue,,,Bites To Start,"{""v"":909365841,""s_ctg"":72194049,""cmb_sel"":0,""cmb"":0,""ff"":false,""ctl_n"":""focaccia-al-rosmarino""}",,,,,,,,SS-01,1,https://b.zmtcdn.com/data/o2_assets/958e4cb4a8b255659daae2c430f976ea1608028693.png,1,,,
Bites To Start,Garlic Sourdough,229.0,"Garlic bread with oregano, EVOO",veg,veg,delivery-enabled,ctl_675731500,229.0,229.0,229.0,229.0,v_909365842,ctg_49258080,https://b.zmtcdn.com/data/dish_photos/5ca/d6e3c282f6843df3310e3a68194f85ca.png,https://b.zmtcdn.com/data/dish_photos/5ca/d6e3c282f6843df3310e3a68194f85ca.png?fit=around%7C200%3A200&crop=200%3A200%3B%2A%2C%2A,0,False,2,0,0,True,False,available,,0,dish,,,,services,catalogue,,,Bites To Start,"{""v"":909365842,""s_ctg"":72194049,""cmb_sel"":0,""cmb"":0,""ff"":false,""ctl_n"":""garlic-sourdough""}",,,,,,,,SS-02,1,https://b.zmtcdn.com/data/o2_assets/958e4cb4a8b255659daae2c430f976ea1608028693.png,1,,,
Bites To Start,Focaccia With Tomato & Mozzarella,299.0,"Sourdough pizza dough with light tomato base, oregano, Fior di latte mozzarella, EVOO",veg,veg,delivery-enabled,ctl_675731511,299.0,299.0,299.0,299.0,v_909365853,ctg_49258080,https://b.zmtcdn.com/data/dish_photos/82a/7a9b3a9bdf0bf029fa70a3fdfc5fd82a.png,https://b.zmtcdn.com/data/dish_photos/82a/7a9b3a9bdf0bf029fa70a3fdfc5fd82a.png?fit=around%7C200%3A200&crop=200%3A200%3B%2A%2C%2A,0,False,3,0,0,True,False,available,,0,dish,,,,services,catalogue,,,Bites To Start,"{""v"":909365853,""s_ctg"":72194049,""cmb_sel"":0,""cmb"":0,""ff"":false,""ctl_n"":""focaccia-with-tomato-mozzarella""}",,,,,,,,SS-03,1,https://b.zmtcdn.com/data/o2_assets/958e4cb4a8b255659daae2c430f976ea1608028693.png,1,,,
Desserts,Hazelnut Chocolate & Sourdough Balls,429.0,"Fried dough, hazelnut chocolate sauce",veg,veg,delivery-enabled,ctl_675731521,429.0,429.0,429.0,429.0,v_909365863,ctg_49258085,https://b.zmtcdn.com/data/dish_photos/46d/61bf37430bca18363e17d2f2b9d0c46d.png,https://b.zmtcdn.com/data/dish_photos/46d/61bf37430bca18363e17d2f2b9d0c46d.png?fit=around%7C200%3A200&crop=200%3A200%3B%2A%2C%2A,0,False,2,0,0,True,False,available,,0,dish,,,,services,catalogue,,,Desserts,"{""v"":909365863,""s_ctg"":72194054,""cmb_sel"":0,""cmb"":0,""ff"":false,""ctl_n"":""hazelnut-chocolate-sourdough-balls""}",,,,,,,,SS-38,1,https://b.zmtcdn.com/data/o2_assets/958e4cb4a8b255659daae2c430f976ea1608028693.png,1,,,
Desserts,Nonna's Famous Tiramisu,479.0,"Mascarpone cream, Eggs, Savoiardi biscuit, espresso and dark rum",egg,egg,delivery-enabled,ctl_675731524,479.0,479.0,479.0,479.0,v_909365866,ctg_49258085,https://b.zmtcdn.com/data/dish_photos/e60/58191b418d719debc8b87b069b57ee60.png,https://b.zmtcdn.com/data/dish_photos/e60/58191b418d719debc8b87b069b57ee60.png?fit=around%7C200%3A200&crop=200%3A200%3B%2A%2C%2A,0,False,1,0,0,True,False,available,,0,dish,,,,services,catalogue,,,Desserts,"{""v"":909365866,""s_ctg"":72194054,""cmb_sel"":0,""cmb"":0,""ff"":false,""ctl_n"":""nonna-s-famous-tiramisu""}",,,,,,,,SS-37,24,https://b.zmtcdn.com/data/o2_assets/5d4de18a3d402878965275e9f24656951635253564.png,1,,,
Dip Your Dough,Nonna'S Homemade Spicy Dip,99.0,Nonna's homemade spicy dip,veg,veg,delivery-enabled,ctl_675731481,99.0,99.0,99.0,99.0,v_909365823,ctg_49258082,https://b.zmtcdn.com/data/dish_photos/682/88c2c222cfcd23dd504e39e954836682.png,https://b.zmtcdn.com/data/dish_photos/682/88c2c222cfcd23dd504e39e954836682.png?fit=around%7C200%3A200&crop=200%3A200%3B%2A%2C%2A,0,False,1,0,0,True,False,available,,0,dish,,,,services,catalogue,,,Dip Your Dough,"{""v"":909365823,""s_ctg"":72194051,""cmb_sel"":0,""cmb"":0,""ff"":false,""ctl_n"":""nonna-s-homemade-spicy-dip""}",,,,,,,,SS-13,1,https://b.zmtcdn.com/data/o2_assets/958e4cb4a8b255659daae2c430f976ea1608028693.png,1,,,
Dip Your Dough,Nonna'S Homemade Basil Pesto Dip,99.0,Nonna's homemade Basil pesto dip,veg,veg,delivery-enabled,ctl_675731480,99.0,99.0,99.0,99.0,v_909365822,ctg_49258082,https://b.zmtcdn.com/data/dish_photos/0a7/62bfa78992e238c95ce72c0d29e9d0a7.png,https://b.zmtcdn.com/data/dish_photos/0a7/62bfa78992e238c95ce72c0d29e9d0a7.png?fit=around%7C200%3A200&crop=200%3A200%3B%2A%2C%2A,0,False,2,0,0,True,False,available,,0,dish,,,,services,catalogue,,,Dip Your Dough,"{""v"":909365822,""s_ctg"":72194051,""cmb_sel"":0,""cmb"":0,""ff"":false,""ctl_n"":""nonna-s-homemade-basil-pesto-dip""}",,,,,,,,SS-14,1,https://b.zmtcdn.com/data/o2_assets/958e4cb4a8b255659daae2c430f976ea1608028693.png,1,,,
Dip Your Dough,Nonna'S Homemade Sumac Garlic Yogurt Dip,99.0,Nonna's homemade sumac garlic yogurt dip,veg,veg,delivery-enabled,ctl_675731482,99.0,99.0,99.0,99.0,v_909365824,ctg_49258082,https://b.zmtcdn.com/data/dish_photos/b07/8712db37dfb9a2f661552c0656bfeb07.png,https://b.zmtcdn.com/data/dish_photos/b07/8712db37dfb9a2f661552c0656bfeb07.png?fit=around%7C200%3A200&crop=200%3A200%3B%2A%2C%2A,0,False,3,0,0,True,False,available,,0,dish,,,,services,catalogue,,,Dip Your Dough,"{""v"":909365824,""s_ctg"":72194051,""cmb_sel"":0,""cmb"":0,""ff"":false,""ctl_n"":""nonna-s-homemade-sumac-garlic-yogurt-dip""}",,,,,,,,SS-15,1,https://b.zmtcdn.com/data/o2_assets/958e4cb4a8b255659daae2c430f976ea1608028693.png,1,,,
Dip Your Dough,Buy Any Two Dips,175.0,,veg,veg,delivery-enabled,ctl_675731497,175.0,175.0,175.0,175.0,v_909365839,ctg_49258082,https://b.zmtcdn.com/data/dish_photos/5d0/36e94a994e71cbd4f0e3822e897845d0.png,https://b.zmtcdn.com/data/dish_photos/5d0/36e94a994e71cbd4f0e3822e897845d0.png?fit=around%7C200%3A200&crop=200%3A200%3B%2A%2C%2A,0,False,5,0,0,True,False,available,,0,dish,,,,services,catalogue,,,Dip Your Dough,"{""v"":909365839,""s_ctg"":72194051,""cmb_sel"":0,""cmb"":0,""ff"":false,""ctl_n"":""buy-any-two-dips""}",,,,,,,,SS-160,1,https://b.zmtcdn.com/data/o2_assets/958e4cb4a8b255659daae2c430f976ea1608028693.png,1,mg_2770762286,False,"{""exp_no"":1,""default_v_price"":175,""lowest_v_price"":175,""highest_v_price"":175,""total_mgs"":1,""total_v_count"":1,""properties"":-1}"
Dip Your Dough,All 3 Dips,250.0,"Nonna's homemade spicy dip, basil pesto dip and sumac garlic yogurt dip.",veg,veg,delivery-enabled,ctl_675731508,250.0,250.0,250.0,250.0,v_909365850,ctg_49258082,https://b.zmtcdn.com/data/dish_photos/74b/78ecda06f937c2f9acf4a68888eea74b.png,https://b.zmtcdn.com/data/dish_photos/74b/78ecda06f937c2f9acf4a68888eea74b.png?fit=around%7C200%3A200&crop=200%3A200%3B%2A%2C%2A,0,False,4,0,0,True,False,available,,0,dish,,,,services,catalogue,,,Dip Your Dough,"{""v"":909365850,""s_ctg"":72194051,""cmb_sel"":0,""cmb"":0,""ff"":false,""ctl_n"":""all-3-dips""}",,,,,,,,SS-16,1,https://b.zmtcdn.com/data/o2_assets/958e4cb4a8b255659daae2c430f976ea1608028693.png,1,,,
Drinks (Beverages),Regular Coca Cola (300 Ml),38.1,,veg,veg,delivery-enabled,ctl_675731475,38.1,38.1,38.1,38.1,v_909365817,ctg_49258084,https://b.zmtcdn.com/data/dish_photos/0fc/11679edcd7c35f4f268be789700100fc.png,https://b.zmtcdn.com/data/dish_photos/0fc/11679edcd7c35f4f268be789700100fc.png?fit=around%7C200%3A200&crop=200%3A200%3B%2A%2C%2A,0,False,2,0,0,True,False,available,,0,dish,,,,services,catalogue,,,Drinks (Beverages),"{""v"":909365817,""s_ctg"":72194053,""cmb_sel"":0,""cmb"":0,""ff"":false,""ctl_n"":""regular-coca-cola-300-ml-""}",,,,,,,,SS-32,1,https://b.zmtcdn.com/data/o2_assets/958e4cb4a8b255659daae2c430f976ea1608028693.png,1,,,
Drinks (Beverages),Zero Coca Cola (300 Ml),38.1,,veg,veg,delivery-enabled,ctl_675731477,38.1,38.1,38.1,38.1,v_909365819,ctg_49258084,https://b.zmtcdn.com/data/dish_photos/939/8bb55e45e03d968159581a24d3bb0939.png,https://b.zmtcdn.com/data/dish_photos/939/8bb55e45e03d968159581a24d3bb0939.png?fit=around%7C200%3A200&crop=200%3A200%3B%2A%2C%2A,0,False,3,0,0,True,False,available,,0,dish,,,,services,catalogue,,,Drinks (Beverages),"{""v"":909365819,""s_ctg"":72194053,""cmb_sel"":0,""cmb"":0,""ff"":false,""ctl_n"":""zero-coca-cola-300-ml-""}",,,,,,,,SS-33,1,https://b.zmtcdn.com/data/o2_assets/958e4cb4a8b255659daae2c430f976ea1608028693.png,1,,,
Drinks (Beverages),Sprite (300 Ml),38.1,,veg,veg,delivery-enabled,ctl_675731476,38.1,38.1,38.1,38.1,v_909365818,ctg_49258084,https://b.zmtcdn.com/data/dish_photos/357/7d30d190fbf4fb4574ee920b0ad75357.png,https://b.zmtcdn.com/data/dish_photos/357/7d30d190fbf4fb4574ee920b0ad75357.png?fit=around%7C200%3A200&crop=200%3A200%3B%2A%2C%2A,0,False,4,0,0,True,False,available,,0,dish,,,,sprite,catalogue,,,Drinks (Beverages),"{""v"":909365818,""s_ctg"":72194053,""cmb_sel"":0,""cmb"":0,""ff"":false,""ctl_n"":""sprite-300-ml-""}",,,,,,,,SS-34,"1,34,61,62,63",https://b.zmtcdn.com/images/sprite_logo_small.png,1,,,
Drinks (Beverages),Homemade Fresh Lemonade,299.0,Fresh Homemade Lemonade,veg,veg,delivery-enabled,ctl_675731512,299.0,299.0,299.0,299.0,v_909365854,ctg_49258084,https://b.zmtcdn.com/data/dish_photos/aa3/1d3d19fd126a46b4fe64536c52e8daa3.png,https://b.zmtcdn.com/data/dish_photos/aa3/1d3d19fd126a46b4fe64536c52e8daa3.png?fit=around%7C200%3A200&crop=200%3A200%3B%2A%2C%2A,0,False,1,0,0,True,False,available,,0,dish,,,,services,catalogue,,,Drinks (Beverages),"{""v"":909365854,""s_ctg"":72194053,""cmb_sel"":0,""cmb"":0,""ff"":false,""ctl_n"":""homemade-fresh-lemonade""}",,,,,,,,SS-31,1,https://b.zmtcdn.com/data/o2_assets/958e4cb4a8b255659daae2c430f976ea1608028693.png,1,,,
Extra Topping,Steam Broccoli,25.0,,veg,veg,delivery-enabled,ctl_675731464,25.0,25.0,25.0,25.0,v_909365806,ctg_49258087,,,0,False,1,0,0,False,False,available,,0,dish,,,,services,catalogue,,,Extra Topping,"{""v"":909365806,""s_ctg"":72194056,""cmb_sel"":0,""cmb"":0,""ff"":false,""ctl_n"":""steam-broccoli""}",,,,,,,,SS-118,1,https://b.zmtcdn.com/data/o2_assets/958e4cb4a8b255659daae2c430f976ea1608028693.png,1,,,
Extra Topping,Button Mushroom,30.0,,veg,veg,delivery-enabled,ctl_675731465,30.0,30.0,30.0,30.0,v_909365807,ctg_49258087,,,0,False,2,0,0,False,False,available,,0,dish,,,,services,catalogue,,,Extra Topping,"{""v"":909365807,""s_ctg"":72194056,""cmb_sel"":0,""cmb"":0,""ff"":false,""ctl_n"":""button-mushroom""}",,,,,,,,SS-135,1,https://b.zmtcdn.com/data/o2_assets/958e4cb4a8b255659daae2c430f976ea1608028693.png,1,,,
Extra Topping,Caramelized Onions,30.0,,veg,veg,delivery-enabled,ctl_675731466,30.0,30.0,30.0,30.0,v_909365808,ctg_49258087,,,0,False,3,0,0,False,False,available,,0,dish,,,,services,catalogue,,,Extra Topping,"{""v"":909365808,""s_ctg"":72194056,""cmb_sel"":0,""cmb"":0,""ff"":false,""ctl_n"":""caramelized-onions""}",,,,,,,,SS-141,1,https://b.zmtcdn.com/data/o2_assets/958e4cb4a8b255659daae2c430f976ea1608028693.png,1,,,
Extra Topping,Fresh Arugula,30.0,,veg,veg,delivery-enabled,ctl_675731467,30.0,30.0,30.0,30.0,v_909365809,ctg_49258087,,,0,False,4,0,0,False,False,available,,0,dish,,,,services,catalogue,,,Extra Topping,"{""v"":909365809,""s_ctg"":72194056,""cmb_sel"":0,""cmb"":0,""ff"":false,""ctl_n"":""fresh-arugula""}",,,,,,,,SS-131,1,https://b.zmtcdn.com/data/o2_assets/958e4cb4a8b255659daae2c430f976ea1608028693.png,1,,,
Extra Topping,Fried Eggplant,30.0,,veg,veg,delivery-enabled,ctl_675731468,30.0,30.0,30.0,30.0,v_909365810,ctg_49258087,,,0,False,5,0,0,False,False,available,,0,dish,,,,services,catalogue,,,Extra Topping,"{""v"":909365810,""s_ctg"":72194056,""cmb_sel"":0,""cmb"":0,""ff"":false,""ctl_n"":""fried-eggplant""}",,,,,,,,SS-142,1,https://b.zmtcdn.com/data/o2_assets/958e4cb4a8b255659daae2c430f976ea1608028693.png,1,,,
Extra Topping,Onion,30.0,,veg,veg,delivery-enabled,ctl_675731469,30.0,30.0,30.0,30.0,v_909365811,ctg_49258087,,,0,False,6,0,0,False,False,available,,0,dish,,,,services,catalogue,,,Extra Topping,"{""v"":909365811,""s_ctg"":72194056,""cmb_sel"":0,""cmb"":0,""ff"":false,""ctl_n"":""onion""}",,,,,,,,SS-127,1,https://b.zmtcdn.com/data/o2_assets/958e4cb4a8b255659daae2c430f976ea1608028693.png,1,,,
Extra Topping,Roasted Bellpepper,30.0,,veg,veg,delivery-enabled,ctl_675731470,30.0,30.0,30.0,30.0,v_909365812,ctg_49258087,,,0,False,7,0,0,False,False,available,,0,dish,,,,services,catalogue,,,Extra Topping,"{""v"":909365812,""s_ctg"":72194056,""cmb_sel"":0,""cmb"":0,""ff"":false,""ctl_n"":""roasted-bellpepper""}",,,,,,,,SS-123,1,https://b.zmtcdn.com/data/o2_assets/958e4cb4a8b255659daae2c430f976ea1608028693.png,1,,,
Extra Topping,Slice Garlic,30.0,,veg,veg,delivery-enabled,ctl_675731471,30.0,30.0,30.0,30.0,v_909365813,ctg_49258087,,,0,False,8,0,0,False,False,available,,0,dish,,,,services,catalogue,,,Extra Topping,"{""v"":909365813,""s_ctg"":72194056,""cmb_sel"":0,""cmb"":0,""ff"":false,""ctl_n"":""slice-garlic""}",,,,,,,,SS-122,1,https://b.zmtcdn.com/data/o2_assets/958e4cb4a8b255659daae2c430f976ea1608028693.png,1,,,
Extra Topping,Sliced Jalapenos,30.0,,veg,veg,delivery-enabled,ctl_675731472,30.0,30.0,30.0,30.0,v_909365814,ctg_49258087,,,0,False,9,0,0,False,False,available,,0,dish,,,,services,catalogue,,,Extra Topping,"{""v"":909365814,""s_ctg"":72194056,""cmb_sel"":0,""cmb"":0,""ff"":false,""ctl_n"":""sliced-jalapenos""}",,,,,,,,SS-121,1,https://b.zmtcdn.com/data/o2_assets/958e4cb4a8b255659daae2c430f976ea1608028693.png,1,,,
Extra Topping,Capers,35.0,,veg,veg,delivery-enabled,ctl_675731473,35.0,35.0,35.0,35.0,v_909365815,ctg_49258087,,,0,False,10,0,0,False,False,available,,0,dish,,,,services,catalogue,,,Extra Topping,"{""v"":909365815,""s_ctg"":72194056,""cmb_sel"":0,""cmb"":0,""ff"":false,""ctl_n"":""capers""}",,,,,,,,SS-134,1,https://b.zmtcdn.com/data/o2_assets/958e4cb4a8b255659daae2c430f976ea1608028693.png,1,,,
Extra Topping,Three-Chili Mix,35.0,,veg,veg,delivery-enabled,ctl_675731474,35.0,35.0,35.0,35.0,v_909365816,ctg_49258087,,,0,False,11,0,0,False,False,available,,0,dish,,,,services,catalogue,,,Extra Topping,"{""v"":909365816,""s_ctg"":72194056,""cmb_sel"":0,""cmb"":0,""ff"":false,""ctl_n"":""three-chili-mix""}",,,,,,,,SS-115,1,https://b.zmtcdn.com/data/o2_assets/958e4cb4a8b255659daae2c430f976ea1608028693.png,1,,,
Extra Topping,Marinated Artichokes,60.0,,veg,veg,delivery-enabled,ctl_675731478,60.0,60.0,60.0,60.0,v_909365820,ctg_49258087,,,0,False,12,0,0,False,False,available,,0,dish,,,,services,catalogue,,,Extra Topping,"{""v"":909365820,""s_ctg"":72194056,""cmb_sel"":0,""cmb"":0,""ff"":false,""ctl_n"":""marinated-artichokes""}",,,,,,,,NEW-15,1,https://b.zmtcdn.com/data/o2_assets/958e4cb4a8b255659daae2c430f976ea1608028693.png,1,,,
Extra Topping,Pelati,85.0,,veg,veg,delivery-enabled,ctl_675731479,85.0,85.0,85.0,85.0,v_909365821,ctg_49258087,,,0,False,13,0,0,False,False,available,,0,dish,,,,services,catalogue,,,Extra Topping,"{""v"":909365821,""s_ctg"":72194056,""cmb_sel"":0,""cmb"":0,""ff"":false,""ctl_n"":""pelati""}",,,,,,,,SS-125,1,https://b.zmtcdn.com/data/o2_assets/958e4cb4a8b255659daae2c430f976ea1608028693.png,1,,,
Extra Topping,Buffalo Mozzarella,115.0,,veg,veg,delivery-enabled,ctl_675731483,115.0,115.0,115.0,115.0,v_909365825,ctg_49258087,,,0,False,14,0,0,False,False,available,,0,dish,,,,services,catalogue,,,Extra Topping,"{""v"":909365825,""s_ctg"":72194056,""cmb_sel"":0,""cmb"":0,""ff"":false,""ctl_n"":""buffalo-mozzarella""}",,,,,,,,SS-137,1,https://b.zmtcdn.com/data/o2_assets/958e4cb4a8b255659daae2c430f976ea1608028693.png,1,,,
Extra Topping,Fior Di Latte,115.0,,veg,veg,delivery-enabled,ctl_675731484,115.0,115.0,115.0,115.0,v_909365826,ctg_49258087,,,0,False,15,0,0,False,False,available,,0,dish,,,,services,catalogue,,,Extra Topping,"{""v"":909365826,""s_ctg"":72194056,""cmb_sel"":0,""cmb"":0,""ff"":false,""ctl_n"":""fior-di-latte""}",,,,,,,,SS-132,1,https://b.zmtcdn.com/data/o2_assets/958e4cb4a8b255659daae2c430f976ea1608028693.png,1,,,
Extra Topping,Kalamata Olives,115.0,,veg,veg,delivery-enabled,ctl_675731485,115.0,115.0,115.0,115.0,v_909365827,ctg_49258087,,,0,False,16,0,0,False,False,available,,0,dish,,,,services,catalogue,,,Extra Topping,"{""v"":909365827,""s_ctg"":72194056,""cmb_sel"":0,""cmb"":0,""ff"":false,""ctl_n"":""kalamata-olives""}",,,,,,,,SS-129,1,https://b.zmtcdn.com/data/o2_assets/958e4cb4a8b255659daae2c430f976ea1608028693.png,1,,,
Extra Topping,Parmesan Cheese,115.0,,veg,veg,delivery-enabled,ctl_675731486,115.0,115.0,115.0,115.0,v_909365828,ctg_49258087,,,0,False,17,0,0,False,False,available,,0,dish,,,,services,catalogue,,,Extra Topping,"{""v"":909365828,""s_ctg"":72194056,""cmb_sel"":0,""cmb"":0,""ff"":false,""ctl_n"":""parmesan-cheese""}",,,,,,,,SS-126,1,https://b.zmtcdn.com/data/o2_assets/958e4cb4a8b255659daae2c430f976ea1608028693.png,1,,,
Extra Topping,Slow Cooked Chicken,115.0,,non-veg,non-veg,delivery-enabled,ctl_675731487,115.0,115.0,115.0,115.0,v_909365829,ctg_49258087,,,0,False,18,0,0,False,False,available,,0,dish,,,,services,catalogue,,,Extra Topping,"{""v"":909365829,""s_ctg"":72194056,""cmb_sel"":0,""cmb"":0,""ff"":false,""ctl_n"":""slow-cooked-chicken""}",,,,,,,,SS-120,2,https://b.zmtcdn.com/data/o2_assets/5d4de18a3d402878965275e9f24656951635253564.png,1,,,
Extra Topping,Sun Dried Tomato,115.0,,veg,veg,delivery-enabled,ctl_675731488,115.0,115.0,115.0,115.0,v_909365830,ctg_49258087,,,0,False,19,0,0,False,False,available,,0,dish,,,,services,catalogue,,,Extra Topping,"{""v"":909365830,""s_ctg"":72194056,""cmb_sel"":0,""cmb"":0,""ff"":false,""ctl_n"":""sun-dried-tomato""}",,,,,,,,SS-117,1,https://b.zmtcdn.com/data/o2_assets/958e4cb4a8b255659daae2c430f976ea1608028693.png,1,,,
Extra Topping,Sundried Tomato Paste,115.0,,veg,veg,delivery-enabled,ctl_675731489,115.0,115.0,115.0,115.0,v_909365831,ctg_49258087,,,0,False,20,0,0,False,False,available,,0,dish,,,,services,catalogue,,,Extra Topping,"{""v"":909365831,""s_ctg"":72194056,""cmb_sel"":0,""cmb"":0,""ff"":false,""ctl_n"":""sundried-tomato-paste""}",,,,,,,,SS-116,1,https://b.zmtcdn.com/data/o2_assets/958e4cb4a8b255659daae2c430f976ea1608028693.png,1,,,
Extra Topping,Vegan Cheese,115.0,,veg,veg,delivery-enabled,ctl_675731490,115.0,115.0,115.0,115.0,v_909365832,ctg_49258087,,,0,False,21,0,0,False,False,available,,0,dish,,,,services,catalogue,,,Extra Topping,"{""v"":909365832,""s_ctg"":72194056,""cmb_sel"":0,""cmb"":0,""ff"":false,""ctl_n"":""vegan-cheese""}",,,,,,,,SS-113,1,https://b.zmtcdn.com/data/o2_assets/958e4cb4a8b255659daae2c430f976ea1608028693.png,1,,,
Extra Topping,Truffle Oil,140.0,,veg,veg,delivery-enabled,ctl_675731491,140.0,140.0,140.0,140.0,v_909365833,ctg_49258087,,,0,False,22,0,0,False,False,available,,0,dish,,,,services,catalogue,,,Extra Topping,"{""v"":909365833,""s_ctg"":72194056,""cmb_sel"":0,""cmb"":0,""ff"":false,""ctl_n"":""truffle-oil""}",,,,,,,,SS-114,1,https://b.zmtcdn.com/data/o2_assets/958e4cb4a8b255659daae2c430f976ea1608028693.png,1,,,
Extra Topping,Mushroom Sauce,145.0,,veg,veg,delivery-enabled,ctl_675731492,145.0,145.0,145.0,145.0,v_909365834,ctg_49258087,,,0,False,23,0,0,False,False,available,,0,dish,,,,services,catalogue,,,Extra Topping,"{""v"":909365834,""s_ctg"":72194056,""cmb_sel"":0,""cmb"":0,""ff"":false,""ctl_n"":""mushroom-sauce""}",,,,,,,,SS-128,1,https://b.zmtcdn.com/data/o2_assets/958e4cb4a8b255659daae2c430f976ea1608028693.png,1,,,
Extra Topping,Blue Cheese,175.0,,veg,veg,delivery-enabled,ctl_675731493,175.0,175.0,175.0,175.0,v_909365835,ctg_49258087,,,0,False,24,0,0,False,False,available,,0,dish,,,,services,catalogue,,,Extra Topping,"{""v"":909365835,""s_ctg"":72194056,""cmb_sel"":0,""cmb"":0,""ff"":false,""ctl_n"":""blue-cheese""}",,,,,,,,SS-138,1,https://b.zmtcdn.com/data/o2_assets/958e4cb4a8b255659daae2c430f976ea1608028693.png,1,,,
Extra Topping,Pecorino Cheese,175.0,,non-veg,non-veg,delivery-enabled,ctl_675731498,175.0,175.0,175.0,175.0,v_909365840,ctg_49258087,,,0,False,25,0,0,False,False,available,,0,dish,,,,services,catalogue,,,Extra Topping,"{""v"":909365840,""s_ctg"":72194056,""cmb_sel"":0,""cmb"":0,""ff"":false,""ctl_n"":""pecorino-cheese""}",,,,,,,,NEW-19,2,https://b.zmtcdn.com/data/o2_assets/5d4de18a3d402878965275e9f24656951635253564.png,1,,,
Extra Topping,Chicken Pepperoni,230.0,,non-veg,non-veg,delivery-enabled,ctl_675731501,230.0,230.0,230.0,230.0,v_909365843,ctg_49258087,https://b.zmtcdn.com/data/dish_photos/d3d/1cd628129d5a532e79df1583789fcd3d.png,https://b.zmtcdn.com/data/dish_photos/d3d/1cd628129d5a532e79df1583789fcd3d.png?fit=around%7C200%3A200&crop=200%3A200%3B%2A%2C%2A,0,False,26,0,0,True,False,available,,0,dish,,,,services,catalogue,,,Extra Topping,"{""v"":909365843,""s_ctg"":72194056,""cmb_sel"":0,""cmb"":0,""ff"":false,""ctl_n"":""chicken-pepperoni""}",,,,,,,,SS-133,2,https://b.zmtcdn.com/data/o2_assets/5d4de18a3d402878965275e9f24656951635253564.png,1,,,
Extra Topping,Premium Belgian Roasted Pork Bacon,230.0,,non-veg,non-veg,delivery-enabled,ctl_675731505,230.0,230.0,230.0,230.0,v_909365847,ctg_49258087,,,0,False,27,0,0,False,False,available,,0,dish,,,,services,catalogue,,,Extra Topping,"{""v"":909365847,""s_ctg"":72194056,""cmb_sel"":0,""cmb"":0,""ff"":false,""ctl_n"":""premium-belgian-roasted-pork-bacon""}",,,,,,,,NEW-18,2,https://b.zmtcdn.com/data/o2_assets/5d4de18a3d402878965275e9f24656951635253564.png,1,,,
Extra Topping,Spanish Pork Napoli Salami,230.0,,non-veg,non-veg,delivery-enabled,ctl_675731506,230.0,230.0,230.0,230.0,v_909365848,ctg_49258087,,,0,False,28,0,0,False,False,available,,0,dish,,,,services,catalogue,,,Extra Topping,"{""v"":909365848,""s_ctg"":72194056,""cmb_sel"":0,""cmb"":0,""ff"":false,""ctl_n"":""spanish-pork-napoli-salami""}",,,,,,,,NEW-17,2,https://b.zmtcdn.com/data/o2_assets/5d4de18a3d402878965275e9f24656951635253564.png,1,,,
Extra Topping,Bacon Roasted,240.0,,non-veg,non-veg,delivery-enabled,ctl_675731507,240.0,240.0,240.0,240.0,v_909365849,ctg_49258087,,,0,False,29,0,0,False,False,available,,0,dish,,,,services,catalogue,,,Extra Topping,"{""v"":909365849,""s_ctg"":72194056,""cmb_sel"":0,""cmb"":0,""ff"":false,""ctl_n"":""bacon-roasted""}",,,,,,,,SS-139,2,https://b.zmtcdn.com/data/o2_assets/5d4de18a3d402878965275e9f24656951635253564.png,1,,,
Extra Topping,Buratta,290.0,,veg,veg,delivery-enabled,ctl_675731509,290.0,290.0,290.0,290.0,v_909365851,ctg_49258087,,,0,False,30,0,0,False,False,available,,0,dish,,,,services,catalogue,,,Extra Topping,"{""v"":909365851,""s_ctg"":72194056,""cmb_sel"":0,""cmb"":0,""ff"":false,""ctl_n"":""buratta""}",,,,,,,,SS-136,1,https://b.zmtcdn.com/data/o2_assets/958e4cb4a8b255659daae2c430f976ea1608028693.png,1,,,
Extra Topping,Pistachio Pork Mortadella Ham,290.0,,non-veg,non-veg,delivery-enabled,ctl_675731510,290.0,290.0,290.0,290.0,v_909365852,ctg_49258087,,,0,False,31,0,0,False,False,available,,0,dish,,,,services,catalogue,,,Extra Topping,"{""v"":909365852,""s_ctg"":72194056,""cmb_sel"":0,""cmb"":0,""ff"":false,""ctl_n"":""pistachio-pork-mortadella-ham""}",,,,,,,,NEW-16,2,https://b.zmtcdn.com/data/o2_assets/5d4de18a3d402878965275e9f24656951635253564.png,1,,,
Fried,"Pesto, Cheese & Tomato Calzone",339.0,"Sourdough pizza dough , Mt. Vesuvian sun-dried tomatoes, ricotta cheese, Fior di latte mozzarella, aged parmesan cheese, fresh basil, homemade basil pesto & chilli oil",veg,veg,delivery-enabled,ctl_675731517,339.0,339.0,339.0,339.0,v_909365859,ctg_49258081,https://b.zmtcdn.com/data/dish_photos/6a9/9299bf33970cfbf775b48b584602d6a9.png,https://b.zmtcdn.com/data/dish_photos/6a9/9299bf33970cfbf775b48b584602d6a9.png?fit=around%7C200%3A200&crop=200%3A200%3B%2A%2C%2A,0,False,3,0,0,True,False,available,,0,dish,,,,services,catalogue,,,Fried,"{""v"":909365859,""s_ctg"":72194050,""cmb_sel"":0,""cmb"":0,""ff"":false,""ctl_n"":""pesto-cheese-tomato-calzone""}",,,,,,,,SS-11,1,https://b.zmtcdn.com/data/o2_assets/958e4cb4a8b255659daae2c430f976ea1608028693.png,1,mg_117175393,False,"{""exp_no"":1,""default_v_price"":339,""lowest_v_price"":339,""highest_v_price"":339,""total_mgs"":1,""total_v_count"":1,""properties"":-1}"
Fried,Roasted Chicken Calzone,379.0,Chicken with Caramelized Onion calzone Witch Riccotta,non-veg,non-veg,delivery-enabled,ctl_675731460,379.0,379.0,379.0,379.0,v_909365802,ctg_49258081,https://b.zmtcdn.com/data/dish_photos/244/7651762bc934a0f0d0756f26e0ee7244.png,https://b.zmtcdn.com/data/dish_photos/244/7651762bc934a0f0d0756f26e0ee7244.png?fit=around%7C200%3A200&crop=200%3A200%3B%2A%2C%2A,0,False,4,0,0,True,False,available,,0,dish,,,,services,catalogue,,,Fried,"{""v"":909365802,""s_ctg"":72194050,""cmb_sel"":0,""cmb"":0,""ff"":false,""ctl_n"":""roasted-chicken-calzone""}",,,,,,,,21,2,https://b.zmtcdn.com/data/o2_assets/5d4de18a3d402878965275e9f24656951635253564.png,1,mg_117175393,False,"{""exp_no"":1,""default_v_price"":379,""lowest_v_price"":379,""highest_v_price"":379,""total_mgs"":1,""total_v_count"":1,""properties"":-1}"
Fried,Mozzarella & Jalapeno Croquettes,399.0,"Lightly seasoned mashed potatoes, jalapenos, mozzarella",veg,veg,delivery-enabled,ctl_675731519,399.0,399.0,399.0,399.0,v_909365861,ctg_49258081,https://b.zmtcdn.com/data/dish_photos/72f/4e5189fd2c6f42a8439f35ca5a85c72f.png,https://b.zmtcdn.com/data/dish_photos/72f/4e5189fd2c6f42a8439f35ca5a85c72f.png?fit=around%7C200%3A200&crop=200%3A200%3B%2A%2C%2A,0,False,1,0,0,True,False,available,,0,dish,,,,services,catalogue,,,Fried,"{""v"":909365861,""s_ctg"":72194050,""cmb_sel"":0,""cmb"":0,""ff"":false,""ctl_n"":""mozzarella-jalapeno-croquettes""}",,,,,,,,SS-09,1,https://b.zmtcdn.com/data/o2_assets/958e4cb4a8b255659daae2c430f976ea1608028693.png,1,mg_117175393,False,"{""exp_no"":1,""default_v_price"":399,""lowest_v_price"":399,""highest_v_price"":399,""total_mgs"":1,""total_v_count"":1,""properties"":-1}"
Fried,"Chicken, Mozzarella & Pesto Croquettes",429.0,"Lightly seasoned mashed potatoes, chicken, fresh basil pesto, mozzarella",non-veg,non-veg,delivery-enabled,ctl_675731520,429.0,429.0,429.0,429.0,v_909365862,ctg_49258081,https://b.zmtcdn.com/data/dish_photos/476/3df26044cb9ce1a571a3569db68e5476.png,https://b.zmtcdn.com/data/dish_photos/476/3df26044cb9ce1a571a3569db68e5476.png?fit=around%7C200%3A200&crop=200%3A200%3B%2A%2C%2A,0,False,2,0,0,True,False,available,,0,dish,,,,services,catalogue,,,Fried,"{""v"":909365862,""s_ctg"":72194050,""cmb_sel"":0,""cmb"":0,""ff"":false,""ctl_n"":""chicken-mozzarella-pesto-croquettes""}",,,,,,,,SS-10,2,https://b.zmtcdn.com/data/o2_assets/5d4de18a3d402878965275e9f24656951635253564.png,1,mg_117175393,False,"{""exp_no"":1,""default_v_price"":429,""lowest_v_price"":429,""highest_v_price"":429,""total_mgs"":1,""total_v_count"":1,""properties"":-1}"
Fried,Pistachio Pork Mortadella Ham Calzone,429.0,,non-veg,non-veg,delivery-enabled,ctl_675731522,429.0,429.0,429.0,429.0,v_909365864,ctg_49258081,,,0,False,5,0,0,False,False,available,,0,dish,,,,services,catalogue,,,Fried,"{""v"":909365864,""s_ctg"":72194050,""cmb_sel"":0,""cmb"":0,""ff"":false,""ctl_n"":""pistachio-pork-mortadella-ham-calzone""}",,,,,,,,NEW-10,2,https://b.zmtcdn.com/data/o2_assets/5d4de18a3d402878965275e9f24656951635253564.png,1,,,
Nonnas Special Board,Veg Special Pizza,999.0,"Riccotta Cream, Black olives slice, Cherry Tomato Confit, Cow Mozzarella, Marinated Sweetcorn & Spring Onion Cream Cheese",veg,veg,delivery-enabled,ctl_675731461,999.0,4514.0,999.0,999.0,v_909365803,ctg_49258086,https://b.zmtcdn.com/data/dish_photos/922/d88fae7031bc8240994ebbd2f3355922.png,https://b.zmtcdn.com/data/dish_photos/922/d88fae7031bc8240994ebbd2f3355922.png?fit=around%7C200%3A200&crop=200%3A200%3B%2A%2C%2A,0,False,1,0,0,True,False,available,,0,dish,,,,services,catalogue,,,Nonnas Special Board,"{""v"":909365803,""s_ctg"":72194055,""cmb_sel"":0,""cmb"":0,""ff"":false,""ctl_n"":""veg-special-pizza""}",,,,,,,,27,1,https://b.zmtcdn.com/data/o2_assets/958e4cb4a8b255659daae2c430f976ea1608028693.png,1,mg_117175394,False,"{""exp_no"":1,""default_v_price"":999,""lowest_v_price"":999,""highest_v_price"":999,""total_mgs"":1,""total_v_count"":1,""properties"":-1}"
Nonnas Special Board,Non Veg Special,999.0,"Cow Mozzarella, Sousvide Marinated Chicken, Marinated Sweetcorn, Sundried Tomato paste, Parmessan shavings, Basil & chilli oil",non-veg,non-veg,delivery-enabled,ctl_675731462,999.0,4514.0,999.0,999.0,v_909365804,ctg_49258086,https://b.zmtcdn.com/data/dish_photos/aca/23d59b6b41d79540a7d05493cb87faca.png,https://b.zmtcdn.com/data/dish_photos/aca/23d59b6b41d79540a7d05493cb87faca.png?fit=around%7C200%3A200&crop=200%3A200%3B%2A%2C%2A,0,False,2,0,0,True,False,available,,0,dish,,,,services,catalogue,,,Nonnas Special Board,"{""v"":909365804,""s_ctg"":72194055,""cmb_sel"":0,""cmb"":0,""ff"":false,""ctl_n"":""non-veg-special""}",,,,,,,,28,2,https://b.zmtcdn.com/data/o2_assets/5d4de18a3d402878965275e9f24656951635253564.png,1,mg_117175394,False,"{""exp_no"":1,""default_v_price"":999,""lowest_v_price"":999,""highest_v_price"":999,""total_mgs"":1,""total_v_count"":1,""properties"":-1}"
Nonnas Special Board,Vegan Special pizza,999.0,"Vegan Cheese, Marinated Sweetcorn, Canned Sweetcorn, Sliced Jalapenos, Bellpepper Sautee, Basil, chilli oil",veg,veg,delivery-enabled,ctl_675731463,999.0,4514.0,999.0,999.0,v_909365805,ctg_49258086,https://b.zmtcdn.com/data/dish_photos/a3f/580b50fb094f6c48bd1bdc3760268a3f.png,https://b.zmtcdn.com/data/dish_photos/a3f/580b50fb094f6c48bd1bdc3760268a3f.png?fit=around%7C200%3A200&crop=200%3A200%3B%2A%2C%2A,0,False,3,0,0,True,False,available,,0,dish,,,,services,catalogue,,,Nonnas Special Board,"{""v"":909365805,""s_ctg"":72194055,""cmb_sel"":0,""cmb"":0,""ff"":false,""ctl_n"":""vegan-special-pizza""}",,,,,,,,29,1,https://b.zmtcdn.com/data/o2_assets/958e4cb4a8b255659daae2c430f976ea1608028693.png,1,mg_117175394,False,"{""exp_no"":1,""default_v_price"":999,""lowest_v_price"":999,""highest_v_price"":999,""total_mgs"":1,""total_v_count"":1,""properties"":-1}"
Salad,Salads - Casareccia,329.0,"Arugula, Balsamic dressing, sesame seeds, Parmessan cheese, Black olives, Tomato wedges",veg,veg,delivery-enabled,ctl_675731516,329.0,479.0,329.0,329.0,v_909365858,ctg_49258090,https://b.zmtcdn.com/data/dish_photos/f7d/3a1e90c5cf0d44ab308296d102b4ff7d.png,https://b.zmtcdn.com/data/dish_photos/f7d/3a1e90c5cf0d44ab308296d102b4ff7d.png?fit=around%7C200%3A200&crop=200%3A200%3B%2A%2C%2A,0,False,1,0,0,True,False,available,,0,dish,,,,services,catalogue,,,Salad,"{""v"":909365858,""s_ctg"":72194059,""cmb_sel"":0,""cmb"":0,""ff"":false,""ctl_n"":""salads---casareccia""}",,,,,,,,NEW-07,1,https://b.zmtcdn.com/data/o2_assets/958e4cb4a8b255659daae2c430f976ea1608028693.png,1,mg_117175392,False,"{""exp_no"":1,""default_v_price"":329,""lowest_v_price"":329,""highest_v_price"":329,""total_mgs"":1,""total_v_count"":1,""properties"":-1}"
Salad,Salads - Contadina,349.0,"Arugula, Balsamic dressing, sesame seeds, Buffalo Moazzarella, Cherry tomatoes, Saute Bellpeppers",non-veg,non-veg,delivery-enabled,ctl_675731518,349.0,499.0,349.0,349.0,v_909365860,ctg_49258090,https://b.zmtcdn.com/data/dish_photos/bfd/170124c98013c2bb42104d7e9d2a5bfd.png,https://b.zmtcdn.com/data/dish_photos/bfd/170124c98013c2bb42104d7e9d2a5bfd.png?fit=around%7C200%3A200&crop=200%3A200%3B%2A%2C%2A,0,False,2,0,0,True,False,available,,0,dish,,,,services,catalogue,,,Salad,"{""v"":909365860,""s_ctg"":72194059,""cmb_sel"":0,""cmb"":0,""ff"":false,""ctl_n"":""salads---contadina""}",,,,,,,,NEW-08,2,https://b.zmtcdn.com/data/o2_assets/5d4de18a3d402878965275e9f24656951635253564.png,1,mg_117175392,False,"{""exp_no"":1,""default_v_price"":349,""lowest_v_price"":349,""highest_v_price"":349,""total_mgs"":1,""total_v_count"":1,""properties"":-1}"
Sourdough Bread,Mix Seeds Sourdough Loaf,230.0,,veg,veg,delivery-enabled,ctl_675731502,230.0,230.0,230.0,230.0,v_909365844,ctg_49258088,https://b.zmtcdn.com/data/dish_photos/95f/1851b226585491641732734346f1595f.png,https://b.zmtcdn.com/data/dish_photos/95f/1851b226585491641732734346f1595f.png?fit=around%7C200%3A200&crop=200%3A200%3B%2A%2C%2A,0,False,1,0,0,True,False,available,,0,dish,,,,services,catalogue,,,Sourdough Bread,"{""v"":909365844,""s_ctg"":72194057,""cmb_sel"":0,""cmb"":0,""ff"":false,""ctl_n"":""mix-seeds-sourdough-loaf""}",,,,,,,,SB1,1,https://b.zmtcdn.com/data/o2_assets/958e4cb4a8b255659daae2c430f976ea1608028693.png,1,,,
Sourdough Bread,OG Sourdough loaf,230.0,,veg,veg,delivery-enabled,ctl_675731503,230.0,230.0,230.0,230.0,v_909365845,ctg_49258088,https://b.zmtcdn.com/data/dish_photos/2a1/f3edef5f68d42907e5955590af48f2a1.png,https://b.zmtcdn.com/data/dish_photos/2a1/f3edef5f68d42907e5955590af48f2a1.png?fit=around%7C200%3A200&crop=200%3A200%3B%2A%2C%2A,0,False,2,0,0,True,False,available,,0,dish,,,,services,catalogue,,,Sourdough Bread,"{""v"":909365845,""s_ctg"":72194057,""cmb_sel"":0,""cmb"":0,""ff"":false,""ctl_n"":""og-sourdough-loaf""}",,,,,,,,SB3,1,https://b.zmtcdn.com/data/o2_assets/958e4cb4a8b255659daae2c430f976ea1608028693.png,1,,,
Sourdough Bread,Olives Sourdough Loaf,230.0,,veg,veg,delivery-enabled,ctl_675731504,230.0,230.0,230.0,230.0,v_909365846,ctg_49258088,https://b.zmtcdn.com/data/dish_photos/a7d/61404eda881b19bd98721133044b4a7d.png,https://b.zmtcdn.com/data/dish_photos/a7d/61404eda881b19bd98721133044b4a7d.png?fit=around%7C200%3A200&crop=200%3A200%3B%2A%2C%2A,0,False,3,0,0,True,False,available,,0,dish,,,,services,catalogue,,,Sourdough Bread,"{""v"":909365846,""s_ctg"":72194057,""cmb_sel"":0,""cmb"":0,""ff"":false,""ctl_n"":""olives-sourdough-loaf""}",,,,,,,,SB2,1,https://b.zmtcdn.com/data/o2_assets/958e4cb4a8b255659daae2c430f976ea1608028693.png,1,,,
Sourdough Pizza,Pizza 1 - Marinara (12 Inch),599.0,"Tomato sauce, thinly sliced garlic, oregano, fresh basil, EVOO",veg,veg,delivery-enabled,ctl_675731557,599.0,4114.0,599.0,599.0,v_909365899,ctg_49258083,https://b.zmtcdn.com/data/dish_photos/3c4/5034139509174f59c2f60a4d84f993c4.png,https://b.zmtcdn.com/data/dish_photos/3c4/5034139509174f59c2f60a4d84f993c4.png?fit=around%7C200%3A200&crop=200%3A200%3B%2A%2C%2A,0,False,1,0,0,True,False,available,,0,dish,,,,services,catalogue,,,Sourdough Pizza,"{""v"":909365899,""s_ctg"":72194052,""cmb_sel"":0,""cmb"":0,""ff"":false,""ctl_n"":""pizza-1---marinara-12-inch-""}",,,,,,,,SS-17,1,https://b.zmtcdn.com/data/o2_assets/958e4cb4a8b255659daae2c430f976ea1608028693.png,1,mg_117175394,False,"{""exp_no"":1,""default_v_price"":599,""lowest_v_price"":599,""highest_v_price"":599,""total_mgs"":1,""total_v_count"":1,""properties"":-1}"
Sourdough Pizza,Pizza 2 - Margherita (12 Inch),599.0,"Tomato sauce, buffalo mozzarella, fresh basil, EVOO",veg,veg,delivery-enabled,ctl_675731558,599.0,4114.0,599.0,599.0,v_909365900,ctg_49258083,https://b.zmtcdn.com/data/dish_photos/d26/3e39b8ca634e158852df1ebc59fc6d26.png,https://b.zmtcdn.com/data/dish_photos/d26/3e39b8ca634e158852df1ebc59fc6d26.png?fit=around%7C200%3A200&crop=200%3A200%3B%2A%2C%2A,0,False,2,0,0,True,False,available,,0,dish,,,,services,catalogue,,,Sourdough Pizza,"{""v"":909365900,""s_ctg"":72194052,""cmb_sel"":0,""cmb"":0,""ff"":false,""ctl_n"":""pizza-2---margherita-12-inch-""}",,,,,,,,SS-18,1,https://b.zmtcdn.com/data/o2_assets/958e4cb4a8b255659daae2c430f976ea1608028693.png,1,mg_117175394,False,"{""exp_no"":1,""default_v_price"":599,""lowest_v_price"":599,""highest_v_price"":599,""total_mgs"":1,""total_v_count"":1,""properties"":-1}"
Sourdough Pizza,Pizza 3 - Napoli (12 Inch),699.0,"Tomato sauce, Fior di latte mozzarella, thinly sliced garlic, pitted Greek Kalamata olives, capers, oregano, fresh basil, EVOO",veg,veg,delivery-enabled,ctl_675731559,699.0,4214.0,699.0,699.0,v_909365901,ctg_49258083,https://b.zmtcdn.com/data/dish_photos/df1/0b1da3605f5c5fee6003f0baf3897df1.png,https://b.zmtcdn.com/data/dish_photos/df1/0b1da3605f5c5fee6003f0baf3897df1.png?fit=around%7C200%3A200&crop=200%3A200%3B%2A%2C%2A,0,False,3,0,0,True,False,available,,0,dish,,,,services,catalogue,,,Sourdough Pizza,"{""v"":909365901,""s_ctg"":72194052,""cmb_sel"":0,""cmb"":0,""ff"":false,""ctl_n"":""pizza-3---napoli-12-inch-""}",,,,,,,,SS-19,1,https://b.zmtcdn.com/data/o2_assets/958e4cb4a8b255659daae2c430f976ea1608028693.png,1,mg_117175394,False,"{""exp_no"":1,""default_v_price"":699,""lowest_v_price"":699,""highest_v_price"":699,""total_mgs"":1,""total_v_count"":1,""properties"":-1}"
Sourdough Pizza,Pizza 4 - Four Cheese (12 Inch),799.0,"Fior di latte, Ricotta cheese, blue cheese, Parmesan Cheese, Homemade cherry tomato confit, fresh basil, Jalapenos salsa, EVOO",veg,veg,delivery-enabled,ctl_675731560,799.0,4314.0,799.0,799.0,v_909365902,ctg_49258083,https://b.zmtcdn.com/data/dish_photos/113/bb320944ffc2b60070180ccc1fa18113.png,https://b.zmtcdn.com/data/dish_photos/113/bb320944ffc2b60070180ccc1fa18113.png?fit=around%7C200%3A200&crop=200%3A200%3B%2A%2C%2A,0,False,4,0,0,True,False,available,,0,dish,,,,services,catalogue,,,Sourdough Pizza,"{""v"":909365902,""s_ctg"":72194052,""cmb_sel"":0,""cmb"":0,""ff"":false,""ctl_n"":""pizza-4---four-cheese-12-inch-""}",,,,,,,,SS-20,1,https://b.zmtcdn.com/data/o2_assets/958e4cb4a8b255659daae2c430f976ea1608028693.png,1,mg_117175394,False,"{""exp_no"":1,""default_v_price"":799,""lowest_v_price"":799,""highest_v_price"":799,""total_mgs"":1,""total_v_count"":1,""properties"":-1}"
Sourdough Pizza,Pizza 5 - Truffle Mushroom (12 Inch),799.0,"Nonna's homemade mushroom cream, buffalo Mozzarella, Sliced button Mushroom, Homemade cherry tomato confit, Aged parmesan cheese, chopped parsley, Fresh Basil , EVOO",veg,veg,delivery-enabled,ctl_675731561,799.0,4314.0,799.0,799.0,v_909365903,ctg_49258083,https://b.zmtcdn.com/data/dish_photos/a4e/e527b0b713db81e6df9bb0c644d42a4e.png,https://b.zmtcdn.com/data/dish_photos/a4e/e527b0b713db81e6df9bb0c644d42a4e.png?fit=around%7C200%3A200&crop=200%3A200%3B%2A%2C%2A,0,False,5,0,0,True,False,available,,0,dish,,,,services,catalogue,,,Sourdough Pizza,"{""v"":909365903,""s_ctg"":72194052,""cmb_sel"":0,""cmb"":0,""ff"":false,""ctl_n"":""pizza-5---truffle-mushroom-12-inch-""}",,,,,,,,SS-21,1,https://b.zmtcdn.com/data/o2_assets/958e4cb4a8b255659daae2c430f976ea1608028693.png,1,mg_117175394,False,"{""exp_no"":1,""default_v_price"":799,""lowest_v_price"":799,""highest_v_price"":799,""total_mgs"":1,""total_v_count"":1,""properties"":-1}"
Sourdough Pizza,Pizza 6 - Chicken & Pesto (12 Inch),849.0,"Tomato sauce, Fior di latte mozzarella, slow cooked spiced chicken with herbs & garlic, Mt. Vesuvian sun-dried tomatoes, homemade spicy",non-veg,non-veg,delivery-enabled,ctl_675731562,849.0,4364.0,849.0,849.0,v_909365904,ctg_49258083,https://b.zmtcdn.com/data/dish_photos/762/10d08ef98b3f105085a07de28dc79762.png,https://b.zmtcdn.com/data/dish_photos/762/10d08ef98b3f105085a07de28dc79762.png?fit=around%7C200%3A200&crop=200%3A200%3B%2A%2C%2A,0,False,6,0,0,True,False,available,,0,dish,,,,services,catalogue,,,Sourdough Pizza,"{""v"":909365904,""s_ctg"":72194052,""cmb_sel"":0,""cmb"":0,""ff"":false,""ctl_n"":""pizza-6---chicken-pesto-12-inch-""}",,,,,,,,SS-22,2,https://b.zmtcdn.com/data/o2_assets/5d4de18a3d402878965275e9f24656951635253564.png,1,mg_117175394,False,"{""exp_no"":1,""default_v_price"":849,""lowest_v_price"":849,""highest_v_price"":849,""total_mgs"":1,""total_v_count"":1,""properties"":-1}"
Sourdough Pizza,Pizza 7 - Chicken pepperoni and Blue Cheese (12 Inch),899.0,"Fior di latte, Chicken pepperoni, Blue cheese, Tomato sauce, fresh basil, onion and Evoo",non-veg,non-veg,delivery-enabled,ctl_675731563,899.0,4414.0,899.0,899.0,v_909365905,ctg_49258083,https://b.zmtcdn.com/data/dish_photos/da8/64dc7624486a79b0860f453bd01e8da8.png,https://b.zmtcdn.com/data/dish_photos/da8/64dc7624486a79b0860f453bd01e8da8.png?fit=around%7C200%3A200&crop=200%3A200%3B%2A%2C%2A,0,False,8,0,0,True,False,available,,0,dish,,,,services,catalogue,,,Sourdough Pizza,"{""v"":909365905,""s_ctg"":72194052,""cmb_sel"":0,""cmb"":0,""ff"":false,""ctl_n"":""pizza-7---chicken-pepperoni-and-blue-cheese-12-inch-""}",,,,,,,,NEW-01,2,https://b.zmtcdn.com/data/o2_assets/5d4de18a3d402878965275e9f24656951635253564.png,1,mg_117175394,False,"{""exp_no"":1,""default_v_price"":899,""lowest_v_price"":899,""highest_v_price"":899,""total_mgs"":1,""total_v_count"":1,""properties"":-1}"
Sourdough Pizza,Pizza 10 - Belgian Roasted Pork Bacon & Artichokes (12 Inch),999.0,"Tomato sauce, fior di latte, Bacon Strips, Marinated artichokes, Pecorino cheese. Fresh basil, Evoo",non-veg,non-veg,delivery-enabled,ctl_675731564,999.0,999.0,999.0,999.0,v_909365906,ctg_49258083,https://b.zmtcdn.com/data/dish_photos/68e/3d95de8d4fe6fefa133de9708b6e968e.png,https://b.zmtcdn.com/data/dish_photos/68e/3d95de8d4fe6fefa133de9708b6e968e.png?fit=around%7C200%3A200&crop=200%3A200%3B%2A%2C%2A,0,False,9,0,0,True,False,available,,0,dish,,,,services,catalogue,,,Sourdough Pizza,"{""v"":909365906,""s_ctg"":72194052,""cmb_sel"":0,""cmb"":0,""ff"":false,""ctl_n"":""pizza-10---belgian-roasted-pork-bacon-artichokes-12-inch-""}",,,,,,,,NEW-03,2,https://b.zmtcdn.com/data/o2_assets/5d4de18a3d402878965275e9f24656951635253564.png,1,,,
Sourdough Pizza,Pizza 8 - Spanish Pork Salami & Pecorino Cheese (12 Inch),999.0,"Tomato sauce , fior di latte, Spanish pork salami, fresh basil, chilli Evoo, Pecorino cheese.",non-veg,non-veg,delivery-enabled,ctl_675731567,999.0,999.0,999.0,999.0,v_909365909,ctg_49258083,https://b.zmtcdn.com/data/dish_photos/383/4e26f539199c9d1a1646c4b58dc34383.png,https://b.zmtcdn.com/data/dish_photos/383/4e26f539199c9d1a1646c4b58dc34383.png?fit=around%7C200%3A200&crop=200%3A200%3B%2A%2C%2A,0,False,12,0,0,True,False,available,,0,dish,,,,services,catalogue,,,Sourdough Pizza,"{""v"":909365909,""s_ctg"":72194052,""cmb_sel"":0,""cmb"":0,""ff"":false,""ctl_n"":""pizza-8---spanish-pork-salami-pecorino-cheese-12-inch-""}",,,,,,,,NEW-02,2,https://b.zmtcdn.com/data/o2_assets/5d4de18a3d402878965275e9f24656951635253564.png,1,,,
Sourdough Pizza,Pizza 9 - Pistachio Pork Mortadella Ham & Burrata (12 Inch),1099.0,,non-veg,non-veg,delivery-enabled,ctl_675731568,1099.0,1099.0,1099.0,1099.0,v_909365910,ctg_49258083,,,0,False,13,0,0,False,False,available,,0,dish,,,,services,catalogue,,,Sourdough Pizza,"{""v"":909365910,""s_ctg"":72194052,""cmb_sel"":0,""cmb"":0,""ff"":false,""ctl_n"":""pizza-9---pistachio-pork-mortadella-ham-burrata-12-inch-""}",,,,,,,,NEW-04,2,https://b.zmtcdn.com/data/o2_assets/5d4de18a3d402878965275e9f24656951635253564.png,1,,,
